region	sanitized_region	consensus	p_x	S	REF	ALT	AF	REF_freq_direct	REF_freq_inverted	ALT_freq_direct	ALT_freq_inverted	exclusion_reasons	inversion_region	correlation_r	abs_r	chromosome_hg37	position_hg37	hg37	hg38	position_hg38	q_value
chr1:13104252-13122521	chr1_13104252_13122521	1.0										Low r^2 (<0.5); Selection stats missing for key ('1', 13172124)	1:13104252-13122521	0.460394	0.460394	1	13172124.0	chr1:13172124	chr1:13104656	13104656.0	
chr1:248128773-248428856	chr1_248128773_248428856	0.0										Low haplotype count (<3); Selection stats missing for key ('1', 248342947)	1:248128773-248428856	-1.0	1.0	1	248342947.0	chr1:248342947	chr1:248179645	248179645.0	
chr1:25324280-25369060	chr1_25324280_25369060	0.0	0.040418502284587	0.001697097611209	G	A	0.4577647982723078	0.604938	0.0	0.395062	1.0	Low haplotype count (<3); Low r^2 (<0.5)	1:25324280-25369060	-0.135394	0.135394	1	25685484.0	chr1:25685484	chr1:25358993	25358993.0	
chr1:81650508-81707447	chr1_81650508_81707447	0.0										Low haplotype count (<3); Selection stats missing for key ('1', 82125426)	1:81650508-81707447	-1.0	1.0	1	82125426.0	chr1:82125426	chr1:81659741	81659741.0	
chr10:15742803-15760427	chr10_15742803_15760427	0.0										Low haplotype count (<3); Selection stats missing for key ('10', 15790135)	10:15742803-15760427	-1.0	1.0	10	15790135.0	chr10:15790135	chr10:15748136	15748136.0	
chr10:46983451-47468232	chr10_46983451_47468232	1.0	0.74460575312846	0.0007417309579503	C	T	0.0239275547266123	0.0	0.0	0.0	0.0	Allele mismatch: Selection REF/ALT absent in samples; Low r^2 (<0.5)	10:46983451-47468232	-0.637865	0.637865	10	48568821.0	chr10:48568821	chr10:47170541	47170541.0	
chr10:79542901-80217413	chr10_79542901_80217413	0.0	7.15755448280883e-05	-0.004883138981519	C	T	0.0959065475606164	1.0	0.0	0.0	1.0		10:79542901-80217413	-1.0	1.0	10	81319354.0	chr10:81319354	chr10:79559598	79559598.0	0.00042945326896852984
chr11:18249084-18265819	chr11_18249084_18265819	0.0	0.3979079228156921	0.0026338111459175	T	C	0.0118288014135663	1.0	0.0	0.0	1.0	Low haplotype count (<3)	11:18249084-18265819	-1.0	1.0	11	18278737.0	chr11:18278737	chr11:18257190	18257190.0	
chr11:50154999-50324102	chr11_50154999_50324102	1.0	0.7388890074643675	0.0013500722044131	T	C	0.215372533621282	0.784314	0.129032	0.215686	0.870968	Low r^2 (<0.5)	11:50154999-50324102	-0.6372	0.6372	11	50199387.0	chr11:50199387	chr11:50240216	50240216.0	
chr12:131312081-131644839	chr12_131312081_131644839	0.0										Selection stats missing for key ('12', 131855776)	12:131312081-131644839	-0.811377	0.811377	12	131855776.0	chr12:131855776	chr12:131371231	131371231.0	
chr12:46896694-46915975	chr12_46896694_46915975	0.0	0.0012526509190566	0.0052272814442627	A	G	0.078359674094434	1.0	0.0	0.0	1.0		12:46896694-46915975	-1.0	1.0	12	47295449.0	chr12:47295449	chr12:46901666	46901666.0	0.0050106036762264
chr12:75713180-75731794	chr12_75713180_75731794	0.0	0.3831250242456699	0.0021955628058237	T	C	0.0188475508000392	0.975309	0.0	0.024691	1.0	Low haplotype count (<3); Low r^2 (<0.5)	12:75713180-75731794	-0.570178	0.570178	12	76110618.0	chr12:76110618	chr12:75716838	75716838.0	
chr13:53902573-54093373	chr13_53902573_54093373	0.0	0.2872647432652682	0.0028822361692231	A	G	0.0156081280062825	1.0	0.0	0.0	1.0	Low haplotype count (<3)	13:53902573-54093373	-1.0	1.0	13	54531236.0	chr13:54531236	chr13:53957101	53957101.0	
chr13:64598737-64616218	chr13_64598737_64616218	0.0										Low haplotype count (<3); Selection stats missing for key ('13', 65183359)	13:64598737-64616218	-1.0	1.0	13	65183359.0	chr13:65183359	chr13:64609227	64609227.0	
chr14:85872200-85889269	chr14_85872200_85889269	0.0	0.4633927677307985	0.0005821922963223	A	G	0.5644203396485717	0.654321	0.0	0.345679	1.0	Low haplotype count (<3); Low r^2 (<0.5)	14:85872200-85889269	-0.150209	0.150209	14	86344317.0	chr14:86344317	chr14:85877973	85877973.0	
chr15:30618103-32153204	chr15_30618103_32153204	1.0	0.3900517217537194	0.0016272729450287	G	A	0.0441494061058211	1.0	0.1	0.0	0.9		15:30618103-32153204	-0.942163	0.942163	15	31678385.0	chr15:31678385	chr15:31386182	31386182.0	0.5200689623382925
chr15:84373375-84416696	chr15_84373375_84416696	1.0	0.1326623663054771	0.0012823574560108	A	G	0.495116324727594	0.315789	1.0	0.684211	0.0		15:84373375-84416696	0.733208	0.733208	15	84939756.0	chr15:84939756	chr15:84385058	84385058.0	0.2653247326109542
chr16:15384482-16276146	chr16_15384482_16276146	0.0										Low haplotype count (<3); Selection stats missing for key ('16', 15517026)	16:15384482-16276146	-1.0	1.0	16	15517026.0	chr16:15517026	chr16:15423169	15423169.0	
chr16:16721273-18073542	chr16_16721273_18073542	1.0										Selection stats missing for key ('16', 16883478)	16:16721273-18073542	-0.834106	0.834106	16	16883478.0	chr16:16883478	chr16:16789621	16789621.0	
chr16:28471892-28637651	chr16_28471892_28637651	1.0	0.031735202904814	0.0021661976209201	C	A	0.3180524197506626	1.0	0.4	0.0	0.6	Low r^2 (<0.5)	16:28471892-28637651	-0.698212	0.698212	16	28582941.0	chr16:28582941	chr16:28571620	28571620.0	
chr16:75206214-75222748	chr16_75206214_75222748	0.0	0.0094103257337918	-0.0020563056722714	C	G	0.5299646608422499	1.0	0.5	0.0	0.5	Low r^2 (<0.5)	16:75206214-75222748	-0.381881	0.381881	16	75248545.0	chr16:75248545	chr16:75214647	75214647.0	
chr17:45585159-46292045	chr17_45585159_46292045	0.0	0.564361935744004	0.0020796845472016	C	A	0.2084764896436635	1.0	0.0	0.0	1.0		17:45585159-46292045	-1.0	1.0	17	43663247.0	chr17:43663247	chr17:45585881	45585881.0	0.6261853371220899
chr2:130138212-131200602	chr2_130138212_131200602	0.0										Low haplotype count (<3); Low r^2 (<0.5); Selection stats missing for key ('2', 130926326)	2:130138212-131200602	-0.702728	0.702728	2	130926326.0	chr2:130926326	chr2:130168753	130168753.0	
chr2:130138212-131530534	chr2_130138212_131530534	0.0										Low haplotype count (<3); Low r^2 (<0.5); Selection stats missing for key ('2', 130926326)	2:130138212-131530534	-0.702728	0.702728	2	130926326.0	chr2:130926326	chr2:130168753	130168753.0	
chr2:45065588-45081777	chr2_45065588_45081777	0.0	0.2268787425421724	0.0019397097247674	C	T	0.0562481594188671	0.962025	0.0	0.037975	1.0	Low r^2 (<0.5)	2:45065588-45081777	-0.693551	0.693551	2	45297723.0	chr2:45297723	chr2:45070584	45070584.0	
chr2:87995841-88180536	chr2_87995841_88180536	0.0										Low haplotype count (<3); Low r^2 (<0.5); Selection stats missing for key ('2', 88354967)	2:87995841-88180536	-0.702728	0.702728	2	88354967.0	chr2:88354967	chr2:88055448	88055448.0	
chr2:91832040-92012663	chr2_91832040_92012663	1.0										Low r^2 (<0.5); Selection stats missing for key ('2', 92081977)	2:91832040-92012663	-0.362994	0.362994	2	92081977.0	chr2:92081977	chr2:91893951	91893951.0	
chr2:95800191-96024403	chr2_95800191_96024403	1.0										Low r^2 (<0.5); Selection stats missing for key ('2', 96621210)	2:95800191-96024403	-0.620484	0.620484	2	96621210.0	chr2:96621210	chr2:95955462	95955462.0	
chr20:47841016-47888238	chr20_47841016_47888238	0.0	0.971375373291484	-7.768889958843549e-05	C	T	0.0272160596839108	0.925926	0.0	0.074074	1.0	Low haplotype count (<3); Low r^2 (<0.5)	20:47841016-47888238	-0.363696	0.363696	20	46509238.0	chr20:46509238	chr20:47880494	47880494.0	
chr21:13987773-14056796	chr21_13987773_14056796	0.0										Low r^2 (<0.5); Selection stats missing for key ('21', 15361090)	21:13987773-14056796	-0.592677	0.592677	21	15361090.0	chr21:15361090	chr21:13988769	13988769.0	
chr21:19877734-20070170	chr21_19877734_20070170	0.0										Low haplotype count (<3); Selection stats missing for key ('21', 21294628)	21:19877734-20070170	-1.0	1.0	21	21294628.0	chr21:21294628	chr21:19922314	19922314.0	
chr21:43821742-43835116	chr21_43821742_43835116	0.0										Low haplotype count (<3); Selection stats missing for key ('21', 45243372)	21:43821742-43835116	-1.0	1.0	21	45243372.0	chr21:45243372	chr21:43823491	43823491.0	
chr3:195749463-195980207	chr3_195749463_195980207	1.0	0.5740032256952491	-0.0004754266434427	G	A	0.3140276823402375	0.933333	0.0	0.066667	1.0		3:195749463-195980207	-0.888675	0.888675	3	195529768.0	chr3:195529768	chr3:195802897	195802897.0	0.6261853371220899
chr5:112179911-112236600	chr5_112179911_112236600	0.0										Low haplotype count (<3); Selection stats missing for key ('5', 111527321)	5:112179911-112236600	-1.0	1.0	5	111527321.0	chr5:111527321	chr5:112191624	112191624.0	
chr5:124425560-124546657	chr5_124425560_124546657	0.0										Low haplotype count (<3); Selection stats missing for key ('5', 123771559)	5:124425560-124546657	-1.0	1.0	5	123771559.0	chr5:123771559	chr5:124435866	124435866.0	
chr5:177946129-178003952	chr5_177946129_178003952	0.0										Low haplotype count (<3); Selection stats missing for key ('5', 177384302)	5:177946129-178003952	-1.0	1.0	5	177384302.0	chr5:177384302	chr5:177957301	177957301.0	
chr6:141866310-141898728	chr6_141866310_141898728	0.0										Selection stats missing for key ('6', 142188377)	6:141866310-141898728	-1.0	1.0	6	142188377.0	chr6:142188377	chr6:141867240	141867240.0	
chr6:167209001-167357782	chr6_167209001_167357782	0.0										Low haplotype count (<3); Selection stats missing for key ('6', 167624748)	6:167209001-167357782	-1.0	1.0	6	167624748.0	chr6:167624748	chr6:167211260	167211260.0	
chr6:76109081-76158474	chr6_76109081_76158474	0.0										Selection stats missing for key ('6', 76819257)	6:76109081-76158474	-1.0	1.0	6	76819257.0	chr6:76819257	chr6:76109540	76109540.0	
chr7:33990735-34010143	chr7_33990735_34010143	0.0										Low haplotype count (<3); Low r^2 (<0.5); Selection stats missing for key ('7', 34048070)	7:33990735-34010143	-0.570178	0.570178	7	34048070.0	chr7:34048070	chr7:34008458	34008458.0	
chr7:54234014-54308393	chr7_54234014_54308393	0.0	0.010984227035148	-0.0020278409725684	A	G	0.5287621478354766	1.0	0.076923	0.0	0.923077		7:54234014-54308393	0.902485	0.902485	7	54318757.0	chr7:54318757	chr7:54251064	54251064.0	0.032952681105444
chr7:57835188-58119653	chr7_57835188_58119653	0.0										Low haplotype count (<3); Selection stats missing for key ('7', 57921914)	7:57835188-58119653	-1.0	1.0	7	57921914.0	chr7:57921914	chr7:57862208	57862208.0	
chr7:5989046-6735643	chr7_5989046_6735643	1.0	0.8707238891560174	0.0003735053478382	G	C	0.030995386276627	0.986301	0.444444	0.013699	0.555556	Low r^2 (<0.5)	7:5989046-6735643	-0.650407	0.650407	7	6285443.0	chr7:6285443	chr7:6245812	6245812.0	
chr7:60911891-61578023	chr7_60911891_61578023	1.0										Tagging SNP missing hg37 coordinates (NaN)	chr7:60911891-61578023								
chr7:65219157-65531823	chr7_65219157_65531823	1.0	0.2167334487323576	0.0010492013861491	G	C	0.350888387160106	0.925926	0.115385	0.074074	0.884615		7:65219157-65531823	-0.802858	0.802858	7	64727166.0	chr7:64727166	chr7:65262271	65262271.0	0.37154305496975587
chr7:70961198-70973901	chr7_70961198_70973901	0.0	0.905817721498792	0.0001953051543562	T	C	0.951359575930107	0.5	0.0	0.5	1.0	Low r^2 (<0.5)	7:70961198-70973901	0.622944	0.622944	7	70428752.0	chr7:70428752	chr7:70963766	70963766.0	
chr7:73113989-74799029	chr7_73113989_74799029	1.0										Selection stats missing for key ('7', 73178952)	7:73113989-74799029	-0.811246	0.811246	7	73178952.0	chr7:73178952	chr7:73764622	73764622.0	
chr7:74869950-75058098	chr7_74869950_75058098	1.0										Low r^2 (<0.5); Selection stats missing for key ('7', 74425859)	7:74869950-75058098	-0.480384	0.480384	7	74425859.0	chr7:74425859	chr7:75011691	75011691.0	
chr7:97445822-97459601	chr7_97445822_97459601	0.0	0.1628314502770094	0.0015554896100724	G	A	0.2031510748993815	0.839506	0.0	0.160494	1.0	Low haplotype count (<3); Low r^2 (<0.5)	7:97445822-97459601	-0.244877	0.244877	7	97079319.0	chr7:97079319	chr7:97450007	97450007.0	
chr8:2343351-2378385	chr8_2343351_2378385	1.0										Tagging SNP missing hg37 coordinates (NaN)	chr8:2343351-2378385								
chr8:7301024-12598379	chr8_7301024_12598379	1.0	6.249674616289388e-05	-0.0044074453594509	T	A	0.4732993030332777	0.170732	0.926829	0.829268	0.073171		8:7301024-12598379	0.759722	0.759722	8	9261356.0	chr8:9261356	chr8:9403846	9403846.0	0.00042945326896852984
chr9:87942696-88110274	chr9_87942696_88110274	0.0	0.7087827822887888	-0.0012911367987507	T	C	0.0090802002552272	0.962963	0.0	0.037037	1.0	Low haplotype count (<3); Low r^2 (<0.5)	9:87942696-88110274	-0.490653	0.490653	9	90640729.0	chr9:90640729	chr9:88025814	88025814.0	
chrX:103989434-104049428	chrX_103989434_104049428	1.0										Low r^2 (<0.5); Selection stats missing for key ('X', 103283565)	X:103989434-104049428	-0.690337	0.690337	X	103283565.0	chrX:103283565	chrX:104029002	104029002.0	
chrX:149599490-149655967	chrX_149599490_149655967	1.0										Low haplotype count (<3); Low r^2 (<0.5); Selection stats missing for key ('X', 148708016)	X:149599490-149655967	-0.699854	0.699854	X	148708016.0	chrX:148708016	chrX:149626335	149626335.0	
chrX:149681035-149722249	chrX_149681035_149722249	1.0										Low r^2 (<0.5); Selection stats missing for key ('X', 148786922)	X:149681035-149722249	0.490098	0.490098	X	148786922.0	chrX:148786922	chrX:149705262	149705262.0	
chrX:153149748-153250226	chrX_153149748_153250226	1.0										Low r^2 (<0.5); Selection stats missing for key ('X', 152497721)	X:153149748-153250226	-0.461479	0.461479	X	152497721.0	chrX:152497721	chrX:153167677	153167677.0	
chrX:154347246-154384867	chrX_154347246_154384867	1.0										Selection stats missing for key ('X', 153579448)	X:154347246-154384867	-0.836511	0.836511	X	153579448.0	chrX:153579448	chrX:154351080	154351080.0	
chrX:154591327-154613096	chrX_154591327_154613096	1.0										Low r^2 (<0.5); Selection stats missing for key ('X', 153819711)	X:154591327-154613096	-0.451445	0.451445	X	153819711.0	chrX:153819711	chrX:154591448	154591448.0	
chrX:155386727-155453982	chrX_155386727_155453982	1.0										Low r^2 (<0.5); Selection stats missing for key ('X', 154620067)	X:155386727-155453982	-0.354068	0.354068	X	154620067.0	chrX:154620067	chrX:155390418	155390418.0	
chrX:52077120-52176974	chrX_52077120_52176974	1.0										Low r^2 (<0.5); Selection stats missing for key ('X', 51832049)	X:52077120-52176974	-0.511798	0.511798	X	51832049.0	chrX:51832049	chrX:52088953	52088953.0	
chrX:72997772-73077479	chrX_72997772_73077479	1.0										Low r^2 (<0.5); Selection stats missing for key ('X', 72238756)	X:72997772-73077479	-0.578884	0.578884	X	72238756.0	chrX:72238756	chrX:73018917	73018917.0	
chr1:149843518-149850293	chr1_149843518_149850293	0.0										Low r^2 (<0.5); Selection stats missing for key ('1', 149817065)	1:149843518-149850293	0.215249	0.215249	1	149817065.0	chr1:149817065	chr1:149845498	149845498.0	
chr11:71571819-71576724	chr11_71571819_71576724	0.0	0.8621655399406805	-0.0006385904673316	C	T	0.0058407774614705	1.0	0.333333	0.0	0.666667		11:71571819-71576724	-0.811377	0.811377	11	71284475.0	chr11:71284475	chr11:71573429	71573429.0	0.8621655399406803
chr13:48199250-48206639	chr13_48199250_48206639	0.0										Low haplotype count (<3); Low r^2 (<0.5); Selection stats missing for key ('13', 48776081)	13:48199250-48206639	-0.487179	0.487179	13	48776081.0	chr13:48776081	chr13:48201945	48201945.0	
chr14:60606118-60611659	chr14_60606118_60611659	0.0	0.1828792721108074	0.0011862828214357	T	C	0.5632669088053401	0.573529	1.0	0.426471	0.0	Low r^2 (<0.5)	14:60606118-60611659	0.335638	0.335638	14	61072875.0	chr14:61072875	chr14:60606157	60606157.0	
chr15:23345459-28389868	chr15_23345459_28389868	0.0										Low haplotype count (<3); Selection stats missing for key ('15', 23645969)	15:23345459-28389868	-1.0	1.0	15	23645969.0	chr15:23645969	chr15:23400822	23400822.0	
chr16:35946683-35952382	chr16_35946683_35952382	0.0	0.1436796481947901	0.0054767070980806	C	G	0.0104545008343967	1.0	0.970149	0.0	0.029851	Low r^2 (<0.5)	16:35946683-35952382	-0.03629	0.03629	16	35182892.0	chr16:35182892	chr16:35948521	35948521.0	
chr2:87987171-111255403	chr2_87987171_111255403	0.0										Low haplotype count (<3); Selection stats missing for key ('2', 88565636)	2:87987171-111255403	-1.0	1.0	2	88565636.0	chr2:88565636	chr2:88266117	88266117.0	
chr20:24397726-24406144	chr20_24397726_24406144	0.0	0.1901804408442311	0.0011145044804631	G	T	0.3088985962501227	0.777778	0.0	0.222222	1.0	Low haplotype count (<3); Low r^2 (<0.5)	20:24397726-24406144	-0.202326	0.202326	20	24381312.0	chr20:24381312	chr20:24400676	24400676.0	
chr3:75454477-75455715	chr3_75454477_75455715	0.0	0.1320042827474832	0.0015612565045649	C	T	0.2281829783056837	0.461538	1.0	0.538462	0.0	Low haplotype count (<3); Low r^2 (<0.5)	3:75454477-75455715	0.27735	0.27735	3	75504718.0	chr3:75504718	chr3:75455567	75455567.0	
chr4:33098066-33104924	chr4_33098066_33104924	0.0	0.0506055890952859	0.0031710584704346	A	C	0.0632178266417983	0.860759	0.0	0.139241	1.0	Low r^2 (<0.5)	4:33098066-33104924	-0.429475	0.429475	4	33102459.0	chr4:33102459	chr4:33100837	33100837.0	
chr5:179643529-179651253	chr5_179643529_179651253	0.0	0.0876150255668035	0.0014038855247097	G	A	0.5991705114361441	0.0	0.379747	1.0	0.620253	Low haplotype count (<3); Low r^2 (<0.5)	5:179643529-179651253	-0.087149	0.087149	5	179077130.0	chr5:179077130	chr5:179650129	179650129.0	
chr6:123106049-123109821	chr6_123106049_123109821	0.0	0.5752919431746484	0.0004957244198513	C	T	0.7456316874447826	0.2	0.0	0.8	1.0	Low r^2 (<0.5)	6:123106049-123109821	0.09759	0.09759	6	123429671.0	chr6:123429671	chr6:123108526	123108526.0	
chr9:85797070-85801040	chr9_85797070_85801040	0.0										Low haplotype count (<3); Low r^2 (<0.5); Selection stats missing for key ('9', 88414718)	9:85797070-85801040	-0.569995	0.569995	9	88414718.0	chr9:88414718	chr9:85799803	85799803.0	
chr1:108310642-108383736	chr1_108310642_108383736	1.0	0.9362076421657032	-6.456822159124745e-05	T	G	0.3918474526357122	0.705882	0.195652	0.294118	0.804348	Low r^2 (<0.5)	1:108310642-108383736	0.512364	0.512364	1	108905606.0	chr1:108905606	chr1:108362984	108362984.0	
chr1:144376209-144600799	chr1_144376209_144600799	0.0										Tagging SNP missing hg37 coordinates (NaN)	chr1:144376209-144600799								
chr10:46144703-46204851	chr10_46144703_46204851	0.0	0.3301553388663339	0.0027979573234629	C	T	0.015485422597428	0.986667	0.0	0.013333	1.0		10:46144703-46204851	-0.906765	0.906765	10	47573155.0	chr10:47573155	chr10:46201919	46201919.0	0.4952330082995009
chr10:55007431-55013434	chr10_55007431_55013434	0.0	0.9186991222574044	-8.13711686949307e-05	G	C	0.5637577304407578	0.514706	0.166667	0.485294	0.833333	Low r^2 (<0.5)	10:55007431-55013434	0.190071	0.190071	10	56770683.0	chr10:56770683	chr10:55010923	55010923.0	
chr10:65465445-65470067	chr10_65465445_65470067	0.0										Low haplotype count (<3); Selection stats missing for key ('10', 67225219)	10:65465445-65470067	-1.0	1.0	10	67225219.0	chr10:67225219	chr10:65465461	65465461.0	
chr11:89920623-89923848	chr11_89920623_89923848	1.0										Low r^2 (<0.5); Selection stats missing for key ('11', 89655113)	11:89920623-89923848	0.135029	0.135029	11	89655113.0	chr11:89655113	chr11:89921945	89921945.0	
chr13:52310302-52320954	chr13_52310302_52320954	0.0										Low haplotype count (<3); Low r^2 (<0.5); Selection stats missing for key ('13', 52884965)	13:52310302-52320954	-0.702377	0.702377	13	52884965.0	chr13:52884965	chr13:52310830	52310830.0	
chr15:23295576-23318191	chr15_23295576_23318191	0.0										No tagging SNPs found in tagging file	chr15:23295576-23318191								
chr16:14954790-15100859	chr16_14954790_15100859	1.0	0.0621346434800287	0.0019276011776236	T	C	0.8430106999116521	0.9375	0.0	0.0625	1.0		16:14954790-15100859	0.960005	0.960005	16	15153717.0	chr16:15153717	chr16:15059860	15059860.0	0.1491231443520689
chr17:3082008-3221835	chr17_3082008_3221835	0.0										Low haplotype count (<3); Selection stats missing for key ('17', 2992815)	17:3082008-3221835	-1.0	1.0	17	2992815.0	chr17:2992815	chr17:3089521	3089521.0	
chr17:16823490-18384190	chr17_16823490_18384190	0.0	0.0375439470017372	0.0038426814254956	G	A	0.061156375773044	1.0	0.0	0.0	1.0	Low haplotype count (<3)	17:16823490-18384190	-1.0	1.0	17	17049547.0	chr17:17049547	chr17:17146233	17146233.0	
chr17:45573556-45585158	chr17_45573556_45585158	0.0										No tagging SNPs found in tagging file	chr17:45573556-45585158								
chr20:29257746-29419750	chr20_29257746_29419750	0.0										Tagging SNP missing hg37 coordinates (NaN)	chr20:29257746-29419750								
chr5:71009586-71093997	chr5_71009586_71093997	0.0										No tagging SNPs found in tagging file	chr5:71009586-71093997								
chr7:62290674-62363143	chr7_62290674_62363143	1.0										Low r^2 (<0.5); Selection stats missing for key ('7', 61759541)	7:62290674-62363143	-0.341755	0.341755	7	61759541.0	chr7:61759541	chr7:62315290	62315290.0	
chr7:62408486-62456444	chr7_62408486_62456444	1.0										Low r^2 (<0.5); Selection stats missing for key ('15', 20118300)	7:62408486-62456444	0.273788	0.273788	15	20118300.0	chr15:20118300	chr7:62411540	62411540.0	
chr9:12004038-12074552	chr9_12004038_12074552	0.0										Low haplotype count (<3); Low r^2 (<0.5); Selection stats missing for key ('9', 12041678)	9:12004038-12074552	-0.702617	0.702617	9	12041678.0	chr9:12041678	chr9:12041678	12041678.0	
chrX:112504686-112516959	chrX_112504686_112516959	0.0										Low haplotype count (<3); Selection stats missing for key ('X', 111749483)	X:112504686-112516959	-1.0	1.0	X	111749483.0	chrX:111749483	chrX:112506255	112506255.0	
chrX:152729753-152738707	chrX_152729753_152738707	1.0										Low r^2 (<0.5); Selection stats missing for key ('X', 151898802)	X:152729753-152738707	-0.422577	0.422577	X	151898802.0	chrX:151898802	chrX:152738160	152738160.0	
