gene_name	transcript_id	inv_id	consensus	consensus_label	n_direct	n_inverted	n_fixed_differences
ABCC1	ENST00000399410.8	16:15384482-16276146	0	Single-event	81	1	0
ABCC6	ENST00000205557.12	16:15384482-16276146	0	Single-event	81	1	0
ABHD11	ENST00000222800.8	7:73113989-74799029	1	Recurrent	77	3	0
ACOXL	ENST00000439055.6	2:87987171-111255403	0	Single-event	81	1	0
ACTR1B	ENST00000289228.7	2:87987171-111255403	0	Single-event	81	1	1
ADRA2B	ENST00000620793.2	2:87987171-111255403	0	Single-event	81	1	0
AFF3	ENST00000672756.2	2:87987171-111255403	0	Single-event	81	1	0
AIMP2	ENST00000223029.8	7:5989046-6735643	1	Recurrent	73	9	0
ALKBH5	ENST00000399138.5	17:16823490-18384190	0	Single-event	78	2	0
AMER3	ENST00000321420.5	2:130138212-131200602	0	Single-event	80	2	0
AMER3	ENST00000321420.5	2:130138212-131530534	0	Single-event	80	2	0
ANKRD23	ENST00000318357.9	2:87987171-111255403	0	Single-event	81	1	0
ANKRD36	ENST00000420699.9	2:87987171-111255403	0	Single-event	81	1	0
ANKRD36B	ENST00000359901.9	2:87987171-111255403	0	Single-event	81	1	0
ANKRD36C	ENST00000295246.7	2:87987171-111255403	0	Single-event	81	1	0
ANKRD36C	ENST00000295246.7	2:95800191-96024403	1	Recurrent	77	5	0
ANKRD39	ENST00000393537.5	2:87987171-111255403	0	Single-event	81	1	0
ANKRD61	ENST00000409061.2	7:5989046-6735643	1	Recurrent	73	9	0
ANXA11	ENST00000422982.8	10:79542901-80217413	0	Single-event	77	3	0
APOBR	ENST00000564831.6	16:28471892-28637651	1	Recurrent	52	30	0
AQP7B	ENST00000561882.2	2:87987171-111255403	0	Single-event	81	1	0
ARHGAP11B	ENST00000697964.2	15:30618103-32153204	1	Recurrent	72	10	0
ARHGEF4	ENST00000409359.7	2:130138212-131200602	0	Single-event	80	2	0
ARHGEF4	ENST00000409359.7	2:130138212-131530534	0	Single-event	80	2	0
ARID5A	ENST00000357485.8	2:87987171-111255403	0	Single-event	81	1	0
ASTL	ENST00000342380.3	2:87987171-111255403	0	Single-event	81	1	0
ATP10A	ENST00000555815.7	15:23345459-28389868	0	Single-event	81	1	0
ATPAF2	ENST00000474627.8	17:16823490-18384190	0	Single-event	78	2	0
BAZ1B	ENST00000339594.9	7:73113989-74799029	1	Recurrent	77	3	0
BCL2L11	ENST00000393256.8	2:87987171-111255403	0	Single-event	81	1	0
BCL7B	ENST00000223368.7	7:73113989-74799029	1	Recurrent	77	3	0
BLK	ENST00000259089.9	8:7301024-12598379	1	Recurrent	41	41	0
BMERB1	ENST00000300006.9	16:15384482-16276146	0	Single-event	81	1	0
BUB1	ENST00000302759.11	2:87987171-111255403	0	Single-event	81	1	0
BUD23	ENST00000265758.7	7:73113989-74799029	1	Recurrent	77	3	0
C2orf15	ENST00000650052.2	2:87987171-111255403	0	Single-event	81	1	0
C2orf49	ENST00000258457.7	2:87987171-111255403	0	Single-event	81	1	0
C2orf92	ENST00000627399.4	2:87987171-111255403	0	Single-event	81	1	0
C8orf74	ENST00000304519.10	8:7301024-12598379	1	Recurrent	41	41	0
CASTOR2	ENST00000616305.2	7:74869950-75058098	1	Recurrent	72	8	0
CCDC115	ENST00000259229.7	2:130138212-131200602	0	Single-event	80	2	0
CCDC115	ENST00000259229.7	2:130138212-131530534	0	Single-event	80	2	0
CCDC138	ENST00000295124.9	2:87987171-111255403	0	Single-event	81	1	1
CCDC74B	ENST00000409943.8	2:130138212-131200602	0	Single-event	80	2	0
CCDC74B	ENST00000409943.8	2:130138212-131530534	0	Single-event	80	2	0
CD8B2	ENST00000643224.2	2:87987171-111255403	0	Single-event	81	1	0
CDK20	ENST00000325303.9	9:87942696-88110274	0	Single-event	81	1	0
CEP20	ENST00000255759.11	16:15384482-16276146	0	Single-event	81	1	0
CFC1	ENST00000259216.6	2:130138212-131200602	0	Single-event	80	2	0
CFC1	ENST00000259216.6	2:130138212-131530534	0	Single-event	80	2	0
CFC1B	ENST00000281882.8	2:130138212-131200602	0	Single-event	80	2	0
CFC1B	ENST00000281882.8	2:130138212-131530534	0	Single-event	80	2	0
CHST10	ENST00000264249.8	2:87987171-111255403	0	Single-event	81	1	0
CIAO1	ENST00000488633.2	2:87987171-111255403	0	Single-event	81	1	0
CLDN23	ENST00000519106.2	8:7301024-12598379	1	Recurrent	41	41	0
CLDN3	ENST00000395145.3	7:73113989-74799029	1	Recurrent	77	3	0
CLDN4	ENST00000340958.4	7:73113989-74799029	1	Recurrent	77	3	0
CLIP2	ENST00000223398.11	7:73113989-74799029	1	Recurrent	77	3	0
CLN3	ENST00000636147.2	16:28471892-28637651	1	Recurrent	52	30	0
CNGA3	ENST00000272602.7	2:87987171-111255403	0	Single-event	81	1	0
CNNM3	ENST00000305510.4	2:87987171-111255403	0	Single-event	81	1	0
CNNM4	ENST00000377075.3	2:87987171-111255403	0	Single-event	81	1	0
CNOT11	ENST00000289382.8	2:87987171-111255403	0	Single-event	81	1	0
COA5	ENST00000328709.8	2:87987171-111255403	0	Single-event	81	1	0
COPS3	ENST00000268717.10	17:16823490-18384190	0	Single-event	78	2	0
COX5B	ENST00000258424.3	2:87987171-111255403	0	Single-event	81	1	0
CRACDL	ENST00000397899.7	2:87987171-111255403	0	Single-event	81	1	0
CREG2	ENST00000324768.6	2:87987171-111255403	0	Single-event	81	1	0
CRHR1	ENST00000314537.10	17:45585159-46292045	0	Single-event	72	10	2
CTSB	ENST00000353047.11	8:7301024-12598379	1	Recurrent	41	41	0
CYTH3	ENST00000350796.8	7:5989046-6735643	1	Recurrent	73	9	0
DAGLB	ENST00000297056.11	7:5989046-6735643	1	Recurrent	73	9	0
DEFB103A	ENST00000314357.4	8:7301024-12598379	1	Recurrent	41	41	0
DEFB103B	ENST00000318124.3	8:7301024-12598379	1	Recurrent	41	41	0
DEFB104A	ENST00000314265.3	8:7301024-12598379	1	Recurrent	41	41	0
DEFB104B	ENST00000316169.2	8:7301024-12598379	1	Recurrent	41	41	0
DEFB105A	ENST00000334773.7	8:7301024-12598379	1	Recurrent	41	41	0
DEFB105B	ENST00000335510.7	8:7301024-12598379	1	Recurrent	41	41	0
DEFB106A	ENST00000335186.3	8:7301024-12598379	1	Recurrent	41	41	0
DEFB106B	ENST00000335479.2	8:7301024-12598379	1	Recurrent	41	41	0
DEFB107A	ENST00000335021.2	8:7301024-12598379	1	Recurrent	41	41	0
DEFB107B	ENST00000355602.3	8:7301024-12598379	1	Recurrent	41	41	0
DEFB108C	ENST00000400154.2	8:7301024-12598379	1	Recurrent	41	41	0
DEFB109B	ENST00000382656.2	8:7301024-12598379	1	Recurrent	41	41	0
DEFB109C	ENST00000382575.2	8:7301024-12598379	1	Recurrent	41	41	0
DEFB130A	ENST00000400079.1	8:7301024-12598379	1	Recurrent	41	41	0
DEFB130B	ENST00000437818.1	8:7301024-12598379	1	Recurrent	41	41	0
DEFB134	ENST00000382205.6	8:7301024-12598379	1	Recurrent	41	41	0
DEFB135	ENST00000382208.3	8:7301024-12598379	1	Recurrent	41	41	0
DEFB136	ENST00000382209.2	8:7301024-12598379	1	Recurrent	41	41	0
DEFB4A	ENST00000302247.3	8:7301024-12598379	1	Recurrent	41	41	0
DEFB4B	ENST00000318157.3	8:7301024-12598379	1	Recurrent	41	41	0
DNAJC30	ENST00000395176.3	7:73113989-74799029	1	Recurrent	77	3	0
DRC3	ENST00000399187.6	17:16823490-18384190	0	Single-event	78	2	0
DRG2	ENST00000225729.8	17:16823490-18384190	0	Single-event	78	2	0
DUSP2	ENST00000288943.5	2:87987171-111255403	0	Single-event	81	1	0
ECRG4	ENST00000238044.8	2:87987171-111255403	0	Single-event	81	1	0
EDAR	ENST00000258443.7	2:87987171-111255403	0	Single-event	81	1	1
EIF2AK1	ENST00000199389.11	7:5989046-6735643	1	Recurrent	73	9	0
EIF2AK3	ENST00000303236.9	2:87987171-111255403	0	Single-event	81	1	0
EIF4H	ENST00000265753.13	7:73113989-74799029	1	Recurrent	77	3	0
EIF5B	ENST00000289371.11	2:87987171-111255403	0	Single-event	81	1	0
ELN	ENST00000252034.12	7:73113989-74799029	1	Recurrent	77	3	0
EMD	ENST00000369842.9	X:154347246-154384867	1	Recurrent	29	21	0
ENSG00000273155	ENST00000410042.1	2:87987171-111255403	0	Single-event	81	1	0
ENSG00000283205	ENST00000636536.1	9:87942696-88110274	0	Single-event	81	1	0
ENSG00000293584	ENST00000715207.1	2:87987171-111255403	0	Single-event	81	1	0
ERI1	ENST00000250263.8	8:7301024-12598379	1	Recurrent	41	41	0
FABP1	ENST00000295834.8	2:87987171-111255403	0	Single-event	81	1	0
FABP1	ENST00000295834.8	2:87995841-88180536	0	Single-event	81	1	0
FAHD2A	ENST00000233379.9	2:87987171-111255403	0	Single-event	81	1	1
FAHD2B	ENST00000414820.6	2:87987171-111255403	0	Single-event	81	1	0
FAM167A	ENST00000284486.9	8:7301024-12598379	1	Recurrent	41	41	0
FAM168B	ENST00000389915.4	2:130138212-131200602	0	Single-event	80	2	0
FAM168B	ENST00000389915.4	2:130138212-131530534	0	Single-event	80	2	0
FAM178B	ENST00000490605.3	2:87987171-111255403	0	Single-event	81	1	0
FAM220A	ENST00000313324.9	7:5989046-6735643	1	Recurrent	73	9	0
FAM86B1	ENST00000448228.7	8:7301024-12598379	1	Recurrent	41	41	0
FAM86B2	ENST00000262365.9	8:7301024-12598379	1	Recurrent	41	41	0
FAM90A10	ENST00000533716.2	8:7301024-12598379	1	Recurrent	41	41	0
FAM90A11	ENST00000518378.2	8:7301024-12598379	1	Recurrent	41	41	0
FAM90A12	ENST00000519497.3	8:7301024-12598379	1	Recurrent	41	41	0
FAM90A14	ENST00000648315.1	8:7301024-12598379	1	Recurrent	41	41	0
FAM90A16	ENST00000648174.1	8:7301024-12598379	1	Recurrent	41	41	0
FAM90A17	ENST00000650426.1	8:7301024-12598379	1	Recurrent	41	41	0
FAM90A18	ENST00000647769.1	8:7301024-12598379	1	Recurrent	41	41	0
FAM90A19	ENST00000647903.1	8:7301024-12598379	1	Recurrent	41	41	0
FAM90A22	ENST00000648590.1	8:7301024-12598379	1	Recurrent	41	41	0
FAM90A23	ENST00000648435.1	8:7301024-12598379	1	Recurrent	41	41	0
FAM90A24	ENST00000520792.6	8:7301024-12598379	1	Recurrent	41	41	0
FAM90A7	ENST00000650288.1	8:7301024-12598379	1	Recurrent	41	41	0
FAM90A8	ENST00000647775.1	8:7301024-12598379	1	Recurrent	41	41	0
FAM90A9	ENST00000648344.1	8:7301024-12598379	1	Recurrent	41	41	0
FAN1	ENST00000362065.9	15:30618103-32153204	1	Recurrent	72	10	0
FDFT1	ENST00000220584.9	8:7301024-12598379	1	Recurrent	41	41	0
FER1L5	ENST00000624922.6	2:87987171-111255403	0	Single-event	81	1	0
FHL2	ENST00000530340.6	2:87987171-111255403	0	Single-event	81	1	0
FKBP6	ENST00000252037.5	7:73113989-74799029	1	Recurrent	77	3	0
FLCN	ENST00000285071.9	17:16823490-18384190	0	Single-event	78	2	0
FLII	ENST00000327031.9	17:16823490-18384190	0	Single-event	78	2	0
FLNA	ENST00000369850.10	X:154347246-154384867	1	Recurrent	29	21	0
FOXI3	ENST00000428390.3	2:87987171-111255403	0	Single-event	81	1	0
FZD9	ENST00000344575.5	7:73113989-74799029	1	Recurrent	77	3	0
GABRA5	ENST00000335625.10	15:23345459-28389868	0	Single-event	81	1	0
GABRB3	ENST00000311550.10	15:23345459-28389868	0	Single-event	81	1	0
GABRG3	ENST00000615808.5	15:23345459-28389868	0	Single-event	81	1	0
GATA4	ENST00000532059.6	8:7301024-12598379	1	Recurrent	41	41	0
GCC2	ENST00000309863.11	2:87987171-111255403	0	Single-event	81	1	1
GDF10	ENST00000580279.2	10:46983451-47468232	1	Recurrent	75	7	0
GDF2	ENST00000581492.3	10:46983451-47468232	1	Recurrent	75	7	0
GID4	ENST00000268719.9	17:16823490-18384190	0	Single-event	78	2	0
GOLGA6L2	ENST00000567107.6	15:23345459-28389868	0	Single-event	79	1	0
GOLGA6L24	ENST00000568624.2	15:23345459-28389868	0	Single-event	81	1	0
GOLGA8F	ENST00000526619.7	15:23345459-28389868	0	Single-event	81	1	0
GOLGA8S	ENST00000562295.3	15:23345459-28389868	0	Single-event	81	1	0
GPAT2	ENST00000434632.6	2:87987171-111255403	0	Single-event	81	1	0
GPR148	ENST00000309926.4	2:130138212-131200602	0	Single-event	80	2	0
GPR148	ENST00000309926.4	2:130138212-131530534	0	Single-event	80	2	0
GPR45	ENST00000258456.3	2:87987171-111255403	0	Single-event	81	1	0
GRID2IP	ENST00000457091.3	7:5989046-6735643	1	Recurrent	73	9	0
GTF2I	ENST00000573035.6	7:73113989-74799029	1	Recurrent	77	3	0
GTF2IRD1	ENST00000424337.7	7:73113989-74799029	1	Recurrent	77	3	0
H2BW1	ENST00000217926.7	X:103989434-104049428	1	Recurrent	22	28	0
H2BW2	ENST00000675318.3	X:103989434-104049428	1	Recurrent	21	18	0
HERC2	ENST00000261609.13	15:23345459-28389868	0	Single-event	81	1	1
HNRNPCL2	ENST00000621994.3	1:13104252-13122521	1	Recurrent	20	42	0
IL18R1	ENST00000233957.7	2:87987171-111255403	0	Single-event	81	1	0
IL18RAP	ENST00000687160.1	2:87987171-111255403	0	Single-event	81	1	0
IL1R1	ENST00000410023.6	2:87987171-111255403	0	Single-event	81	1	0
IL1R2	ENST00000332549.8	2:87987171-111255403	0	Single-event	81	1	0
IL1RL1	ENST00000233954.6	2:87987171-111255403	0	Single-event	81	1	1
IL1RL2	ENST00000264257.7	2:87987171-111255403	0	Single-event	81	1	0
IL27	ENST00000356897.1	16:28471892-28637651	1	Recurrent	52	30	0
IMP4	ENST00000259239.8	2:130138212-131200602	0	Single-event	80	2	0
IMP4	ENST00000259239.8	2:130138212-131530534	0	Single-event	80	2	0
INPP4A	ENST00000409851.8	2:87987171-111255403	0	Single-event	81	1	0
INTS15	ENST00000344417.10	7:5989046-6735643	1	Recurrent	73	9	0
ITPRIPL1	ENST00000439118.3	2:87987171-111255403	0	Single-event	81	1	0
KANSL1	ENST00000432791.7	17:45585159-46292045	0	Single-event	72	10	7
KANSL3	ENST00000431828.6	2:87987171-111255403	0	Single-event	81	1	0
KCNIP3	ENST00000295225.10	2:87987171-111255403	0	Single-event	81	1	0
KDELR2	ENST00000258739.9	7:5989046-6735643	1	Recurrent	73	9	0
KLF13	ENST00000307145.4	15:30618103-32153204	1	Recurrent	72	10	0
KRCC1	ENST00000347055.4	2:87987171-111255403	0	Single-event	81	1	0
KRCC1	ENST00000347055.4	2:87995841-88180536	0	Single-event	81	1	0
LAT2	ENST00000460943.6	7:73113989-74799029	1	Recurrent	77	3	0
LIMK1	ENST00000336180.7	7:73113989-74799029	1	Recurrent	77	3	0
LIMS1	ENST00000544547.6	2:87987171-111255403	0	Single-event	81	1	0
LIMS3	ENST00000480744.3	2:87987171-111255403	0	Single-event	81	1	0
LIMS4	ENST00000632897.2	2:87987171-111255403	0	Single-event	81	1	0
LINC02210CRHR1	ENST00000634540.1	17:45585159-46292045	0	Single-event	72	10	2
LIPT1	ENST00000651691.1	2:87987171-111255403	0	Single-event	81	1	0
LLGL1	ENST00000316843.9	17:16823490-18384190	0	Single-event	78	2	0
LMAN2L	ENST00000264963.9	2:87987171-111255403	0	Single-event	81	1	0
LONRF2	ENST00000393437.8	2:87987171-111255403	0	Single-event	81	1	0
LYG1	ENST00000308528.9	2:87987171-111255403	0	Single-event	81	1	0
LYG2	ENST00000333017.7	2:87987171-111255403	0	Single-event	81	1	0
MAGEA1	ENST00000356661.7	X:153149748-153250226	1	Recurrent	23	27	0
MAGEA11	ENST00000355220.6	X:149681035-149722249	1	Recurrent	20	30	0
MAGEA12	ENST00000393869.8	X:152729753-152738707	1	Recurrent	24	24	0
MAGEL2	ENST00000650528.1	15:23345459-28389868	0	Single-event	81	1	0
MAL	ENST00000309988.9	2:87987171-111255403	0	Single-event	81	1	0
MALL	ENST00000272462.3	2:87987171-111255403	0	Single-event	81	1	0
MAP4K4	ENST00000324219.9	2:87987171-111255403	0	Single-event	81	1	0
MAPT	ENST00000262410.10	17:45585159-46292045	0	Single-event	72	10	8
MARF1	ENST00000396368.8	16:15384482-16276146	0	Single-event	81	1	1
MED9	ENST00000268711.4	17:16823490-18384190	0	Single-event	78	2	0
METTL27	ENST00000297873.9	7:73113989-74799029	1	Recurrent	77	3	0
MFHAS1	ENST00000276282.7	8:7301024-12598379	1	Recurrent	41	41	0
MFSD9	ENST00000258436.10	2:87987171-111255403	0	Single-event	81	1	0
MGAT4A	ENST00000393487.6	2:87987171-111255403	0	Single-event	81	1	0
MIEF2	ENST00000323019.9	17:16823490-18384190	0	Single-event	78	2	0
MITD1	ENST00000289359.6	2:87987171-111255403	0	Single-event	81	1	0
MKRN3	ENST00000314520.6	15:23345459-28389868	0	Single-event	81	1	0
MLXIPL	ENST00000313375.8	7:73113989-74799029	1	Recurrent	77	3	0
MPRIP	ENST00000651222.2	17:16823490-18384190	0	Single-event	78	2	0
MPV17L	ENST00000396385.4	16:15384482-16276146	0	Single-event	81	1	0
MRPL30	ENST00000338148.8	2:87987171-111255403	0	Single-event	81	1	0
MRPS5	ENST00000272418.7	2:87987171-111255403	0	Single-event	81	1	0
MRPS9	ENST00000258455.8	2:87987171-111255403	0	Single-event	81	1	0
MSRA	ENST00000317173.9	8:7301024-12598379	1	Recurrent	41	41	0
MTLN	ENST00000611969.5	2:87987171-111255403	0	Single-event	81	1	1
MTMR10	ENST00000435680.6	15:30618103-32153204	1	Recurrent	72	10	0
MTMR9	ENST00000221086.8	8:7301024-12598379	1	Recurrent	41	41	0
MYH11	ENST00000300036.6	16:15384482-16276146	0	Single-event	81	1	0
MYO15A	ENST00000647165.2	17:16823490-18384190	0	Single-event	78	2	0
MZT2A	ENST00000309451.7	2:130138212-131530534	0	Single-event	80	2	0
MZT2B	ENST00000281871.11	2:130138212-131200602	0	Single-event	80	2	0
MZT2B	ENST00000281871.11	2:130138212-131530534	0	Single-event	80	2	0
NBPF15	ENST00000581897.7	1:144376209-144600799	0	Single-event	29	49	0
NCAPH	ENST00000240423.9	2:87987171-111255403	0	Single-event	81	1	0
NCF1	ENST00000289473.11	7:73113989-74799029	1	Recurrent	77	3	0
NCK2	ENST00000233154.9	2:87987171-111255403	0	Single-event	81	1	0
NDE1	ENST00000396354.6	16:15384482-16276146	0	Single-event	81	1	0
NDN	ENST00000649030.2	15:23345459-28389868	0	Single-event	81	1	0
NEIL2	ENST00000284503.7	8:7301024-12598379	1	Recurrent	41	41	0
NEURL3	ENST00000451794.6	2:87987171-111255403	0	Single-event	81	1	0
NMS	ENST00000376865.1	2:87987171-111255403	0	Single-event	80	1	0
NPAP1	ENST00000329468.5	15:23345459-28389868	0	Single-event	81	1	2
NPAS2	ENST00000335681.10	2:87987171-111255403	0	Single-event	81	1	0
NPHP1	ENST00000445609.7	2:87987171-111255403	0	Single-event	81	1	1
NSUN5	ENST00000438747.7	7:73113989-74799029	1	Recurrent	77	3	0
NT5M	ENST00000389022.9	17:16823490-18384190	0	Single-event	78	2	0
NTAN1	ENST00000287706.8	16:14954790-15100859	1	Recurrent	16	58	0
NUPR1	ENST00000324873.8	16:28471892-28637651	1	Recurrent	52	30	0
NUTM2B	ENST00000429828.7	10:79542901-80217413	0	Single-event	77	3	0
NUTM2E	ENST00000429984.5	10:79542901-80217413	0	Single-event	77	3	0
OCA2	ENST00000354638.8	15:23345459-28389868	0	Single-event	80	1	0
OR14C36	ENST00000317861.1	1:248128773-248428856	0	Single-event	81	1	0
OR1A1	ENST00000641732.2	17:3082008-3221835	0	Single-event	79	1	0
OR1A2	ENST00000381951.1	17:3082008-3221835	0	Single-event	79	1	0
OR1D2	ENST00000641833.1	17:3082008-3221835	0	Single-event	79	1	0
OR1G1	ENST00000328890.3	17:3082008-3221835	0	Single-event	79	1	0
OR2M2	ENST00000641836.1	1:248128773-248428856	0	Single-event	81	1	0
OR2M3	ENST00000641626.1	1:248128773-248428856	0	Single-event	81	1	0
OR2M4	ENST00000641868.1	1:248128773-248428856	0	Single-event	81	1	0
OR2M5	ENST00000366476.1	1:248128773-248428856	0	Single-event	81	1	0
OR2M7	ENST00000317965.3	1:248128773-248428856	0	Single-event	81	1	0
OR2T1	ENST00000642005.1	1:248128773-248428856	0	Single-event	81	1	0
OR2T12	ENST00000641276.1	1:248128773-248428856	0	Single-event	79	1	0
OR2T33	ENST00000641220.1	1:248128773-248428856	0	Single-event	81	1	0
OR2T4	ENST00000366473.4	1:248128773-248428856	0	Single-event	81	1	0
OR2T6	ENST00000641644.1	1:248128773-248428856	0	Single-event	81	1	0
OTUD7A	ENST00000307050.6	15:30618103-32153204	1	Recurrent	72	10	0
PABPC1L2B	ENST00000373521.4	X:72997772-73077479	1	Recurrent	42	8	0
PDCL3	ENST00000264254.11	2:87987171-111255403	0	Single-event	81	1	0
PDXDC1	ENST00000396410.9	16:14954790-15100859	1	Recurrent	16	58	0
PEMT	ENST00000255389.10	17:16823490-18384190	0	Single-event	78	2	0
PINX1	ENST00000554914.1	8:7301024-12598379	1	Recurrent	41	41	0
PLAC9	ENST00000372263.4	10:79542901-80217413	0	Single-event	77	3	0
PLD6	ENST00000321560.4	17:16823490-18384190	0	Single-event	78	2	0
PLEKHB2	ENST00000693505.1	2:130138212-131200602	0	Single-event	80	2	0
PLEKHB2	ENST00000693505.1	2:130138212-131530534	0	Single-event	80	2	0
POTEE	ENST00000683005.1	2:130138212-131530534	0	Single-event	80	2	0
POTEI	ENST00000451531.7	2:130138212-131200602	0	Single-event	80	2	0
POTEI	ENST00000451531.7	2:130138212-131530534	0	Single-event	80	2	0
POTEJ	ENST00000409602.2	2:130138212-131200602	0	Single-event	80	2	0
POTEJ	ENST00000409602.2	2:130138212-131530534	0	Single-event	80	2	0
POU3F3	ENST00000361360.4	2:87987171-111255403	0	Single-event	81	1	0
PPIAL4F	ENST00000581138.4	1:144376209-144600799	0	Single-event	29	49	0
PPP1R3B	ENST00000310455.4	8:7301024-12598379	1	Recurrent	41	41	0
PRAG1	ENST00000615670.5	8:7301024-12598379	1	Recurrent	41	41	0
PROM2	ENST00000317620.14	2:87987171-111255403	0	Single-event	81	1	0
PROP1	ENST00000308304.2	5:177946129-178003952	0	Single-event	81	1	0
PRR23D1	ENST00000533250.2	8:7301024-12598379	1	Recurrent	41	41	0
PRR23D2	ENST00000528972.1	8:7301024-12598379	1	Recurrent	41	41	0
PRSS51	ENST00000647727.1	8:7301024-12598379	1	Recurrent	41	41	0
PRSS55	ENST00000328655.8	8:7301024-12598379	1	Recurrent	41	41	0
PTPN18	ENST00000175756.10	2:130138212-131200602	0	Single-event	80	2	0
PTPN18	ENST00000175756.10	2:130138212-131530534	0	Single-event	80	2	0
RAB6D	ENST00000623617.3	2:130138212-131530534	0	Single-event	80	2	0
RAC1	ENST00000348035.9	7:5989046-6735643	1	Recurrent	73	9	0
RAI1	ENST00000353383.6	17:16823490-18384190	0	Single-event	78	2	0
RANBP2	ENST00000283195.11	2:87987171-111255403	0	Single-event	81	1	0
RASD1	ENST00000225688.4	17:16823490-18384190	0	Single-event	78	2	0
RBP3	ENST00000584701.2	10:46983451-47468232	1	Recurrent	75	7	0
REV1	ENST00000258428.8	2:87987171-111255403	0	Single-event	81	1	0
RFC2	ENST00000055077.8	7:73113989-74799029	1	Recurrent	77	3	0
RFX8	ENST00000428343.6	2:87987171-111255403	0	Single-event	81	1	1
RGPD3	ENST00000409886.4	2:87987171-111255403	0	Single-event	81	1	0
RGPD4	ENST00000408999.4	2:87987171-111255403	0	Single-event	81	1	0
RGPD5	ENST00000016946.8	2:87987171-111255403	0	Single-event	81	1	0
RGPD6	ENST00000329516.8	2:87987171-111255403	0	Single-event	81	1	0
RNF149	ENST00000295317.4	2:87987171-111255403	0	Single-event	81	1	0
RP1L1	ENST00000382483.4	8:7301024-12598379	1	Recurrent	41	41	0
RPIA	ENST00000283646.5	2:87987171-111255403	0	Single-event	81	1	0
RPL31	ENST00000264258.8	2:87987171-111255403	0	Single-event	81	1	0
RRN3	ENST00000198767.11	16:14954790-15100859	1	Recurrent	16	58	0
SEMA4C	ENST00000305476.10	2:87987171-111255403	0	Single-event	81	1	0
SEPTIN10	ENST00000397712.7	2:87987171-111255403	0	Single-event	81	1	0
SFTPA1	ENST00000398636.8	10:79542901-80217413	0	Single-event	77	3	2
SFTPA2	ENST00000372325.7	10:79542901-80217413	0	Single-event	77	3	0
SFTPD	ENST00000372292.8	10:79542901-80217413	0	Single-event	77	3	1
SGF29	ENST00000317058.8	16:28471892-28637651	1	Recurrent	52	30	0
SH3RF3	ENST00000309415.8	2:87987171-111255403	0	Single-event	81	1	0
SHMT1	ENST00000316694.8	17:16823490-18384190	0	Single-event	77	2	0
SLC35G5	ENST00000382435.5	8:7301024-12598379	1	Recurrent	41	41	0
SLC5A7	ENST00000264047.3	2:87987171-111255403	0	Single-event	81	1	0
SLC9A2	ENST00000233969.3	2:87987171-111255403	0	Single-event	81	1	0
SLC9A4	ENST00000295269.5	2:87987171-111255403	0	Single-event	81	1	0
SMCR8	ENST00000406438.5	17:16823490-18384190	0	Single-event	78	2	0
SMIM10L3	ENST00000578372.2	7:5989046-6735643	1	Recurrent	73	9	0
SMIM39	ENST00000711663.1	2:130138212-131200602	0	Single-event	80	2	0
SMIM39	ENST00000711663.1	2:130138212-131530534	0	Single-event	80	2	0
SMPD4	ENST00000680298.1	2:130138212-131200602	0	Single-event	80	2	0
SMPD4	ENST00000680298.1	2:130138212-131530534	0	Single-event	80	2	0
SMYD1	ENST00000419482.7	2:87987171-111255403	0	Single-event	81	1	0
SMYD1	ENST00000419482.7	2:87995841-88180536	0	Single-event	81	1	0
SNRNP200	ENST00000323853.10	2:87987171-111255403	0	Single-event	81	1	0
SNRPN	ENST00000390687.9	15:23345459-28389868	0	Single-event	81	1	0
SNURF	ENST00000577949.6	15:23345459-28389868	0	Single-event	81	1	0
SOWAHC	ENST00000356454.5	2:87987171-111255403	0	Single-event	81	1	0
SOX7	ENST00000304501.2	8:7301024-12598379	1	Recurrent	41	41	0
SPAG11A	ENST00000642566.2	8:7301024-12598379	1	Recurrent	41	41	0
SPAG11B	ENST00000398462.7	8:7301024-12598379	1	Recurrent	41	41	0
SPDYE12	ENST00000618416.5	7:74869950-75058098	1	Recurrent	72	8	0
SPMIP9	ENST00000303254.4	2:87987171-111255403	0	Single-event	81	1	0
SPPL2C	ENST00000329196.7	17:45585159-46292045	0	Single-event	72	10	7
SREBF1	ENST00000261646.11	17:16823490-18384190	0	Single-event	78	2	0
ST6GAL2	ENST00000409382.8	2:87987171-111255403	0	Single-event	81	1	0
STARD7	ENST00000337288.10	2:87987171-111255403	0	Single-event	81	1	0
STH	ENST00000537309.1	17:45585159-46292045	0	Single-event	72	10	1
STX1A	ENST00000222812.8	7:73113989-74799029	1	Recurrent	77	3	0
SULT1A1	ENST00000314752.12	16:28471892-28637651	1	Recurrent	52	30	0
SULT1A2	ENST00000335715.9	16:28471892-28637651	1	Recurrent	52	30	0
SULT1C2	ENST00000251481.11	2:87987171-111255403	0	Single-event	81	1	0
SULT1C3	ENST00000681802.2	2:87987171-111255403	0	Single-event	81	1	0
SULT1C4	ENST00000272452.7	2:87987171-111255403	0	Single-event	81	1	0
TBC1D8	ENST00000409318.2	2:87987171-111255403	0	Single-event	81	1	0
TBL2	ENST00000305632.11	7:73113989-74799029	1	Recurrent	77	3	0
TEKT4	ENST00000295201.5	2:87987171-111255403	0	Single-event	81	1	0
TGFBRAP1	ENST00000393359.7	2:87987171-111255403	0	Single-event	81	1	0
THNSL2	ENST00000674334.2	2:87987171-111255403	0	Single-event	81	1	0
TMEM127	ENST00000258439.8	2:87987171-111255403	0	Single-event	81	1	0
TMEM131	ENST00000186436.10	2:87987171-111255403	0	Single-event	81	1	0
TMEM182	ENST00000412401.3	2:87987171-111255403	0	Single-event	81	1	0
TMEM254	ENST00000372281.8	10:79542901-80217413	0	Single-event	77	3	0
TMEM270	ENST00000320531.3	7:73113989-74799029	1	Recurrent	77	3	0
TMEM50A	ENST00000374358.5	1:25324280-25369060	0	Single-event	81	1	0
TNFRSF13B	ENST00000261652.7	17:16823490-18384190	0	Single-event	78	2	0
TNK2	ENST00000672887.2	3:195749463-195980207	1	Recurrent	60	22	0
TNKS	ENST00000310430.11	8:7301024-12598379	1	Recurrent	41	41	0
TOM1L2	ENST00000379504.8	17:16823490-18384190	0	Single-event	78	2	0
TOP3A	ENST00000321105.10	17:16823490-18384190	0	Single-event	78	2	0
TRIM43	ENST00000272395.3	2:87987171-111255403	0	Single-event	81	1	0
TRIM43B	ENST00000639673.3	2:87987171-111255403	0	Single-event	81	1	0
TRIM50	ENST00000333149.7	7:73113989-74799029	1	Recurrent	77	3	0
TRPM1	ENST00000256552.11	15:30618103-32153204	1	Recurrent	69	10	0
TSGA10	ENST00000393483.8	2:87987171-111255403	0	Single-event	81	1	0
TTLL2	ENST00000239587.10	6:167209001-167357782	0	Single-event	80	2	1
TUBA3D	ENST00000321253.7	2:130138212-131530534	0	Single-event	80	2	0
TUBA3E	ENST00000312988.9	2:130138212-131200602	0	Single-event	80	2	0
TUBA3E	ENST00000312988.9	2:130138212-131530534	0	Single-event	80	2	0
TXNDC9	ENST00000264255.8	2:87987171-111255403	0	Single-event	81	1	0
UBE3A	ENST00000648336.2	15:23345459-28389868	0	Single-event	81	1	0
UNC50	ENST00000357765.7	2:87987171-111255403	0	Single-event	81	1	0
UNC93A	ENST00000230256.8	6:167209001-167357782	0	Single-event	71	2	1
USP17L1	ENST00000529559.1	8:7301024-12598379	1	Recurrent	41	41	0
USP17L2	ENST00000333796.4	8:7301024-12598379	1	Recurrent	41	41	0
USP17L3	ENST00000530484.1	8:7301024-12598379	1	Recurrent	41	41	0
USP17L4	ENST00000526929.1	8:7301024-12598379	1	Recurrent	41	41	0
USP17L7	ENST00000530447.5	8:7301024-12598379	1	Recurrent	41	41	0
USP17L8	ENST00000527080.1	8:7301024-12598379	1	Recurrent	41	41	0
USP42	ENST00000306177.10	7:5989046-6735643	1	Recurrent	73	9	0
UXS1	ENST00000283148.12	2:87987171-111255403	0	Single-event	81	1	0
VPS37D	ENST00000324941.5	7:73113989-74799029	1	Recurrent	77	3	0
VWA3B	ENST00000477737.6	2:87987171-111255403	0	Single-event	81	1	0
XKR6	ENST00000416569.3	8:7301024-12598379	1	Recurrent	41	41	0
XYLT1	ENST00000261381.7	16:16721273-18073542	1	Recurrent	75	7	0
ZAP70	ENST00000264972.10	2:87987171-111255403	0	Single-event	81	1	0
ZDHHC4	ENST00000335965.11	7:5989046-6735643	1	Recurrent	73	9	0
ZNF12	ENST00000405858.6	7:5989046-6735643	1	Recurrent	73	9	0
ZNF2	ENST00000614034.5	2:87987171-111255403	0	Single-event	81	1	0
ZNF316	ENST00000382252.6	7:5989046-6735643	1	Recurrent	73	9	0
ZNF488	ENST00000585316.3	10:46983451-47468232	1	Recurrent	75	7	0
ZNF514	ENST00000295208.7	2:87987171-111255403	0	Single-event	81	1	0
ZNF705B	ENST00000400120.3	8:7301024-12598379	1	Recurrent	41	41	0
ZNF705D	ENST00000400085.8	8:7301024-12598379	1	Recurrent	41	41	0
ZNF705G	ENST00000400156.4	8:7301024-12598379	1	Recurrent	41	41	0
ZNF853	ENST00000457543.4	7:5989046-6735643	1	Recurrent	73	9	0
ZNF892	ENST00000425953.6	2:87987171-111255403	0	Single-event	81	1	0
ZNF92	ENST00000328747.12	7:65219157-65531823	1	Recurrent	54	26	0
