gene_name	transcript_id	inv_id	consensus	consensus_label	n_direct	n_inverted	cds_pos_1based	direct_allele	inverted_allele
ACTR1B	ENST00000289228.7	2:87987171-111255403	0	Single-event	81	1	428	C	T
CCDC138	ENST00000295124.9	2:87987171-111255403	0	Single-event	81	1	228	A	G
CRHR1	ENST00000314537.10	17:45585159-46292045	0	Single-event	72	10	669	T	C
CRHR1	ENST00000314537.10	17:45585159-46292045	0	Single-event	72	10	774	C	T
EDAR	ENST00000258443.7	2:87987171-111255403	0	Single-event	81	1	813	T	C
FAHD2A	ENST00000233379.9	2:87987171-111255403	0	Single-event	81	1	213	G	A
GCC2	ENST00000309863.11	2:87987171-111255403	0	Single-event	81	1	1029	A	G
HERC2	ENST00000261609.13	15:23345459-28389868	0	Single-event	81	1	1123	A	G
IL1RL1	ENST00000233954.6	2:87987171-111255403	0	Single-event	81	1	486	C	A
KANSL1	ENST00000432791.7	17:45585159-46292045	0	Single-event	72	10	741	A	G
KANSL1	ENST00000432791.7	17:45585159-46292045	0	Single-event	72	10	1491	A	G
KANSL1	ENST00000432791.7	17:45585159-46292045	0	Single-event	72	10	2152	T	C
KANSL1	ENST00000432791.7	17:45585159-46292045	0	Single-event	72	10	2580	T	C
KANSL1	ENST00000432791.7	17:45585159-46292045	0	Single-event	72	10	2742	C	T
KANSL1	ENST00000432791.7	17:45585159-46292045	0	Single-event	72	10	2751	C	T
KANSL1	ENST00000432791.7	17:45585159-46292045	0	Single-event	72	10	3254	T	C
LINC02210CRHR1	ENST00000634540.1	17:45585159-46292045	0	Single-event	72	10	144	T	C
LINC02210CRHR1	ENST00000634540.1	17:45585159-46292045	0	Single-event	72	10	249	C	T
MAPT	ENST00000262410.10	17:45585159-46292045	0	Single-event	72	10	303	G	A
MAPT	ENST00000262410.10	17:45585159-46292045	0	Single-event	72	10	830	C	T
MAPT	ENST00000262410.10	17:45585159-46292045	0	Single-event	72	10	1078	G	A
MAPT	ENST00000262410.10	17:45585159-46292045	0	Single-event	72	10	1333	C	T
MAPT	ENST00000262410.10	17:45585159-46292045	0	Single-event	72	10	1564	T	C
MAPT	ENST00000262410.10	17:45585159-46292045	0	Single-event	72	10	1704	G	A
MAPT	ENST00000262410.10	17:45585159-46292045	0	Single-event	72	10	1857	A	G
MAPT	ENST00000262410.10	17:45585159-46292045	0	Single-event	72	10	1941	T	C
MARF1	ENST00000396368.8	16:15384482-16276146	0	Single-event	81	1	4191	T	C
MTLN	ENST00000611969.5	2:87987171-111255403	0	Single-event	81	1	147	G	T
NPAP1	ENST00000329468.5	15:23345459-28389868	0	Single-event	81	1	878	C	T
NPAP1	ENST00000329468.5	15:23345459-28389868	0	Single-event	81	1	2059	A	G
NPHP1	ENST00000445609.7	2:87987171-111255403	0	Single-event	81	1	14	G	T
RFX8	ENST00000428343.6	2:87987171-111255403	0	Single-event	81	1	1236	G	A
SFTPA1	ENST00000398636.8	10:79542901-80217413	0	Single-event	77	3	56	T	C
SFTPA1	ENST00000398636.8	10:79542901-80217413	0	Single-event	77	3	399	A	G
SFTPD	ENST00000372292.8	10:79542901-80217413	0	Single-event	77	3	868	T	A
SPPL2C	ENST00000329196.7	17:45585159-46292045	0	Single-event	72	10	670	T	C
SPPL2C	ENST00000329196.7	17:45585159-46292045	0	Single-event	72	10	994	G	A
SPPL2C	ENST00000329196.7	17:45585159-46292045	0	Single-event	72	10	1382	G	C
SPPL2C	ENST00000329196.7	17:45585159-46292045	0	Single-event	72	10	1411	A	G
SPPL2C	ENST00000329196.7	17:45585159-46292045	0	Single-event	72	10	1662	T	C
SPPL2C	ENST00000329196.7	17:45585159-46292045	0	Single-event	72	10	1801	T	C
SPPL2C	ENST00000329196.7	17:45585159-46292045	0	Single-event	72	10	1858	G	A
STH	ENST00000537309.1	17:45585159-46292045	0	Single-event	72	10	20	A	G
TTLL2	ENST00000239587.10	6:167209001-167357782	0	Single-event	80	2	605	T	C
UNC93A	ENST00000230256.8	6:167209001-167357782	0	Single-event	71	2	17	G	A
