Chromosome	Start	End		Number_recurrent_events	num_toggling_indicating_SNPs	proportion_toggling_indicating_SNPs	OrigID	Size_.kbp.		Inverted_AF	CHM13_T2T_synteny	Flanking_inverted_repeat_size.kbp.	Flanking_Inverted_repeat_identity	Disease_genes	Morbid_CNVs	Toggling_indicating_SNPs	Formation_rate_per_generation_.95..C.I..	Number_recurrent_events_.95..C.I..	verdictRecurrence_hufsah	verdictRecurrence_benson	0_single_1_recur_consensus
chr1	13104252	13122521		13	4	0.0247	chr1-13084312-INV-62181	18.27		0.69	NA	60	95%	NA	NA	4 (2.47%)	1.02e-04 [2.72e-05 ,1.21e-04]	13 [7.00 ,13.75]	TRUE	TRUE	1
chr1	145160434	146154520		2	0	0	chr1-145160435-INV-994087	994.087		0.02	NA	0.678	64%	NA	NA	0 (0%)	1.55e-05 [9.81e-06 ,2.17e-05]	2 [2.00 ,2.00]	FALSE	TRUE	NA
chr1	146298109	148672872		NA	0	0	chr1-146298110-INV-2374764	2374.764		0.98	NA	0.29	82%	NA	NA	0 (0%)	NA	NA	FALSE	NA	NA
chr1	248128773	248428856		1	0	0	chr1-248128774-INV-300084	300.084		0.01	NA	0.113	64%	NA	NA	0 (0%)	6.29e-06 [2.85e-06 ,1.01e-05]	1 [1.00 ,1.00]	FALSE	FALSE	0
chr1	25324280	25369060		1	0	0	chr1-25338356-INV-24067	44.781		0.01	NA	62.906	92%	NA	NA	0 (0%)	9.75e-06 [9.61e-06 ,1.01e-05]	1 [1.00 ,1.00]	FALSE	FALSE	0
chr1	81650508	81707447		1	0	0	chr1-81642914-INV-66617	56.94		0.01	NA	0.613	68%	NA	NA	0 (0%)	7.83e-06 [5.44e-06 ,1.09e-05]	1 [1.00 ,1.00]	FALSE	FALSE	0
chr10	15742803	15760427		1	0	0	chr10-15742645-INV-17942	17.625		0.01	NA	0.26	74%	NA	NA	0 (0%)	7.49e-06 [5.48e-06 ,1.06e-05]	1 [1.00 ,1.00]	FALSE	FALSE	0
chr10	46983451	47468232		7	41	0.0464	chr10-46983452-INV-484782	484.782		0.09	NA	0.423	61%	NA	NA	41 (4.64%)	5.90e-05 [3.26e-05 ,7.99e-05]	7 [5.00 ,7.00]	TRUE	TRUE	1
chr10	79542901	80217413		1	0	0	chr10-79542902-INV-674513	674.513		0.03	NA	50.139	93%	NA	NA	0 (0%)	6.53e-06 [2.96e-06 ,1.04e-05]	1 [1.00 ,1.00]	FALSE	FALSE	0
chr11	18249084	18265819		1	0	0	chr11-18246600-INV-21672	16.736		0.01	NA	2.742	66%	NA	NA	0 (0%)	8.74e-06 [4.23e-06 ,9.33e-06]	1 [1.00 ,1.00]	FALSE	FALSE	0
chr11	50154999	50324102		8	54	0.1388	chr11-50136371-INV-206505	169.104		0.4	NA	41.723	95%	NA	NA	54 (13.88%)	4.00e-05 [3.28e-05 ,5.71e-05]	8 [6.15 ,9.00]	TRUE	TRUE	1
chr12	131312081	131644839		2	0	0	chr12-131312082-INV-332759	332.759		0.03	NA	16.816	93%	NA	NA	0 (0%)	1.46e-05 [7.79e-06 ,2.46e-05]	2 [2.00 ,3.00]	FALSE	FALSE	0
chr12	131333943	131623807		2	0	0	chr12-131333944-INV-289865	289.865		0.03	NA	8.988	69%	NA	NA	0 (0%)	1.50e-05 [7.85e-06 ,2.19e-05]	2 [2.00 ,2.00]	FALSE	TRUE	NA
chr12	46896694	46915975		1	0	0	chr12-46897663-INV-16289	19.282		0.06	NA	0.945	65%	NA	NA	0 (0%)	6.57e-06 [5.43e-06 ,7.12e-06]	1 [1.00 ,1.00]	FALSE	FALSE	0
chr12	75713180	75731794		1	0	0	chr12-75713181-INV-18615	18.615		0.01	NA	0.212	81%	NA	NA	0 (0%)	8.75e-06 [6.95e-06 ,1.11e-05]	1 [1.00 ,1.00]	FALSE	FALSE	0
chr13	52344010	52502256		3	0	0	chr13-52344011-INV-158247	158.247		0.03	NA	26.37	98%	NA	NA	0 (0%)	1.97e-05 [1.26e-05 ,2.53e-05]	3 [3.00 ,3.00]	FALSE	TRUE	NA
chr13	53902573	54093373		1	0	0	chr13-53902574-INV-190801	190.801		0.01	NA	1.25	72%	NA	NA	0 (0%)	7.07e-06 [4.64e-06 ,1.05e-05]	1 [1.00 ,1.00]	FALSE	FALSE	0
chr13	64598737	64616218		1	0	0	chr13-64598738-INV-17482	17.482		0.01	NA	0.323	74%	NA	NA	0 (0%)	9.20e-06 [5.14e-06 ,1.12e-05]	1 [1.00 ,1.00]	FALSE	FALSE	0
chr13	79823210	79839670		3	0	0	chr13-79822252-INV-17591	16.461		0.07	NA	6.208	98%	NA	NA	0 (0%)	2.26e-05 [1.85e-05 ,2.75e-05]	3 [3.00 ,3.00]	FALSE	TRUE	NA
chr14	85872200	85889269		1	0	0	chr14-85872201-INV-17070	17.07		0.01	NA	0.492	62%	NA	NA	0 (0%)	7.87e-06 [6.21e-06 ,1.02e-05]	1 [1.00 ,1.00]	FALSE	FALSE	0
chr15	22701127	23213881		NA	0	0	chr15-22701128-INV-512754	512.755		0.01	NA	0.295	87%	NA	NA	0 (0%)	NA	NA	FALSE	NA	NA
chr15	30618103	32153204		4	6	0.0017	chr15-30618104-INV-1535102	1535.102		0.11	NA	0.343	74%	NA	NA	6 (0.17%)	2.78e-05 [8.95e-06 ,6.00e-05]	4 [2.00 ,7.00]	TRUE	TRUE	1
chr15	84373375	84416696		9	5	0.0345	chr15-84373376-INV-43322	43.322		0.56	NA	34.216	99%	NA	NA	5 (3.45%)	5.29e-05 [3.01e-05 ,6.93e-05]	9 [5.30 ,10.00]	TRUE	TRUE	1
chr16	15384482	16276146		1	0	0	chr16-15384483-INV-891665	891.665		0.01	NA	1.888	96%	NA	NA	0 (0%)	7.40e-06 [3.46e-06 ,1.11e-05]	1 [1.00 ,1.00]	FALSE	FALSE	0
chr16	16721273	18073542		4	5	0.0013	chr16-16721274-INV-1352270	1352.27		0.08	NA	0.37	66%	NA	NA	5 (0.13%)	2.87e-05 [1.50e-05 ,4.84e-05]	4 [3.00 ,5.00]	TRUE	TRUE	1
chr16	21583511	22432381		5	0	0	chr16-21583512-INV-848871	848.871		0.94	NA	0.6	77%	NA	NA	0 (0%)	4.07e-05 [2.73e-05 ,5.81e-05]	5 [5.00 ,5.00]	FALSE	TRUE	NA
chr16	21864964	22432381		5	0	0	chr16-21864965-INV-567418	567.418		0.94	NA	0.545	74%	NA	NA	0 (0%)	4.23e-05 [3.15e-05 ,5.97e-05]	5 [5.00 ,5.00]	FALSE	TRUE	NA
chr16	28471892	28637651		6	4	0.0119	chr16-28471894-INV-165758	165.76		0.36	NA	23.533	98%	NA	NA	4 (1.19%)	4.84e-05 [2.64e-05 ,6.61e-05]	6 [3.27 ,6.00]	TRUE	TRUE	1
chr16	75206214	75222748		4	0	0	chr16-75204855-INV-19244	16.535		0.84	NA	1.578	98%	NA	NA	0 (0%)	3.27e-05 [1.32e-05 ,4.17e-05]	4 [1.18 ,4.00]	FALSE	FALSE	0
chr17	45585159	46292045		1	NA	0	chr17-45585160-INV-706887	706.887		0.11	NA	22.408	99%	NA	NA	0(0%)	3.43e-06 [2.74e-06 ,2.81e-05]	1 [1.00 ,3.00]	FALSE	FALSE	0
chr17	60035640	60110888		3	0	0	chr17-60019740-INV-107140	75.249		0.09	NA	16.479	71%	NA	NA	0 (0%)	3.14e-05 [1.67e-05 ,3.85e-05]	3 [2.00 ,3.00]	FALSE	TRUE	NA
chr19	47959660	50091195		2	0	0	chr19-47959661-INV-2131536	2131.536		0.02	NA	53.682	82%	NA	NA	0 (0%)	1.49e-05 [6.83e-06 ,2.27e-05]	2 [2.00 ,2.00]	FALSE	TRUE	NA
chr2	108527821	109733036		2	0	0	chr2-108527822-INV-1205216	1205.216		0.02	NA	0.204	59%	NA	NA	0 (0%)	1.48e-05 [9.10e-06 ,2.30e-05]	2 [2.00 ,2.00]	FALSE	TRUE	NA
chr2	130138212	131200602		2	0	0	chr2-130138213-INV-1062391	1062.391		0.02	NA	17.67	96%	NA	NA	0 (0%)	1.34e-05 [5.55e-06 ,2.06e-05]	2 [1.00 ,2.00]	FALSE	FALSE	0
chr2	130138212	131530534		2	0	0	chr2-130138213-INV-1392323	1392.323		0.02	NA	26.585	93%	NA	NA	0 (0%)	1.32e-05 [4.36e-06 ,2.06e-05]	2 [1.00 ,2.00]	FALSE	FALSE	0
chr2	45065588	45081777		1	0	0	chr2-45062769-INV-12977	16.19		0.03	NA	6.048	90%	NA	NA	0 (0%)	7.31e-06 [5.99e-06 ,1.25e-05]	1 [1.00 ,1.00]	FALSE	FALSE	0
chr2	87995841	88180536		1	0	0	chr2-87995842-INV-184695	184.696		0.01	NA	0.28	81%	NA	NA	0 (0%)	8.07e-06 [5.82e-06 ,9.96e-06]	1 [1.00 ,1.00]	FALSE	FALSE	0
chr2	91832040	92012663		19	10	0.068	chr2-91832041-INV-180624	180.624		0.41	NA	48.305	99%	NA	NA	10 (6.8%)	1.41e-04 [9.31e-05 ,1.85e-04]	19 [10.62 ,19.38]	TRUE	TRUE	1
chr2	95496989	95579796		5	0	0	chr2-95496991-INV-82806	82.808		0.19	NA	46.944	99%	NA	NA	0 (0%)	6.38e-05 [6.48e-05 ,1.09e-04]	5 [5.10 ,8.90]	FALSE	TRUE	NA
chr2	95800191	96024403		4	3	0.0159	chr2-95800192-INV-224213	224.213		0.08	NA	49.017	96%	NA	NA	3 (1.59%)	4.08e-05 [2.34e-05 ,6.81e-05]	4 [2.38 ,5.00]	TRUE	TRUE	1
chr20	25846148	26009643		7	0	0	chr20-25846149-INV-163496	163.496		0.17	NA	58.891	99%	NA	NA	0 (0%)	4.66e-05 [3.14e-05 ,7.39e-05]	7 [5.00 ,9.00]	FALSE	TRUE	NA
chr20	47841016	47888238		1	0	0	chr20-47827034-INV-77611	47.223		0.01	NA	18.011	83%	NA	NA	0 (0%)	8.06e-06 [6.08e-06 ,1.06e-05]	1 [1.00 ,1.00]	FALSE	FALSE	0
chr21	13987773	14056796		1	0	0	chr21-13992018-INV-65632	69.024		0.03	NA	12.46	88%	NA	NA	0 (0%)	7.76e-06 [5.72e-06 ,9.70e-06]	1 [1.00 ,1.00]	FALSE	FALSE	0
chr21	19877734	20070170		1	0	0	chr21-19877735-INV-192437	192.437		0.01	NA	1.241	61%	NA	NA	0 (0%)	6.96e-06 [4.47e-06 ,1.00e-05]	1 [1.00 ,1.00]	FALSE	FALSE	0
chr21	43821742	43835116		1	0	0	chr21-43821743-INV-13374	13.375		0.01	NA	0.25	61%	NA	NA	0 (0%)	7.63e-06 [5.67e-06 ,9.98e-06]	1 [1.00 ,1.00]	FALSE	FALSE	0
chr22	21443089	21491761		1	1	0.027	chr22-21442678-INV-15944	48.673		0.67	NA	47.433	99%	NA	NA	1 (2.7%)	1.06e-05 [1.12e-05 ,6.64e-05]	1 [1.05 ,4.85]	TRUE	FALSE	NA
chr3	195692124	195956606		NA	68	0.0648	chr3-195680867-INV-272256	264.483		0.26	NA	47.963	86%	NA	NA	68 (6.48%)	NA	NA	TRUE	NA	NA
chr3	195749463	195980207		5	34	0.0422	chr3-195749464-INV-230745	230.745		0.26	NA	0.362	73%	NA	NA	34 (4.22%)	4.22e-05 [2.29e-05 ,8.37e-05]	5 [3.00 ,9.00]	TRUE	TRUE	1
chr4	87926011	87937547		NA	0	0	chr4-87925789-INV-11799	11.537		0.81	NA	0.474	94%	NA	NA	0 (0%)	NA	NA	FALSE	NA	NA
chr5	112179911	112236600		1	0	0	chr5-112179912-INV-56689	56.69		0.01	NA	0.32	82%	NA	NA	0 (0%)	7.48e-06 [4.95e-06 ,1.04e-05]	1 [1.00 ,1.00]	FALSE	FALSE	0
chr5	124425560	124546657		1	0	0	chr5-124425561-INV-121098	121.098		0.01	NA	0.267	70%	NA	NA	0 (0%)	7.30e-06 [4.69e-06 ,1.09e-05]	1 [1.00 ,1.00]	FALSE	FALSE	0
chr5	177946129	178003952		1	0	0	chr5-177946130-INV-57824	57.824		0.01	NA	0.298	83%	NA	NA	0 (0%)	8.27e-06 [2.91e-06 ,1.14e-05]	1 [1.00 ,1.00]	FALSE	FALSE	0
chr6	141866310	141898728		1	0	0	chr6-141867315-INV-29159	32.419		0.05	NA	0.685	77%	NA	NA	0 (0%)	9.50e-06 [5.31e-06 ,1.03e-05]	1 [1.00 ,1.00]	FALSE	FALSE	0
chr6	167209001	167357782		1	0	0	chr6-167181003-INV-209976	148.782		0.03	NA	23.912	89%	NA	NA	0 (0%)	6.61e-06 [1.98e-06 ,1.08e-05]	1 [1.00 ,1.00]	FALSE	FALSE	0
chr6	76109081	76158474		1	0	0	chr6-76111919-INV-44661	49.394		0.03	NA	3.723	73%	NA	NA	0 (0%)	7.51e-06 [5.61e-06 ,8.71e-06]	1 [1.00 ,1.00]	FALSE	FALSE	0
chr7	143716562	143750998		8	0	0	chr7-143716563-INV-34437	34.437		0.33	NA	0.326	76%	NA	NA	0 (0%)	6.90e-05 [3.35e-05 ,8.96e-05]	8 [2.30 ,8.85]	FALSE	TRUE	NA
chr7	33990735	34010143		1	0	0	chr7-33990522-INV-19762	19.409		0.01	NA	0.285	67%	NA	NA	0 (0%)	9.69e-06 [8.50e-06 ,1.18e-05]	1 [1.00 ,1.00]	FALSE	FALSE	0
chr7	54234014	54308393		3	0	0	chr7-54220528-INV-101153	74.38		0.62	NA	15.912	97%	NA	NA	0 (0%)	1.67e-05 [7.95e-06 ,2.78e-05]	3 [1.43 ,4.57]	FALSE	FALSE	0
chr7	57641572	57838971		6	0	0	chr7-57641573-INV-197400	197.4		0.1	NA	25.72	99%	NA	NA	0 (0%)	3.76e-05 [2.75e-05 ,5.63e-05]	6 [6.00 ,6.00]	FALSE	TRUE	NA
chr7	57835188	58119653		2	0	0	chr7-57835189-INV-284465	284.466		0.02	NA	0	0%	NA	NA	0 (0%)	1.22e-05 [9.05e-06 ,1.59e-05]	2 [2.00 ,2.00]	FALSE	FALSE	0
chr7	5989046	6735643		7	33	0.0175	chr7-5989047-INV-746598	746.598		0.1	NA	60.042	98%	NA	NA	33 (1.75%)	5.06e-05 [3.14e-05 ,8.15e-05]	7 [6.00 ,8.00]	TRUE	TRUE	1
chr7	60911891	61578023		16	100	0.1377	chr7-60911892-INV-666133	666.133		0.52	NA	33.66	99%	NA	NA	100 (13.77%)	6.54e-05 [4.90e-05 ,8.69e-05]	16 [14.10 ,20.00]	TRUE	TRUE	1
chr7	65219157	65531823		5	1	0.0013	chr7-65219158-INV-312667	312.667		0.33	NA	15.023	97%	NA	NA	1 (0.13%)	3.18e-05 [1.67e-05 ,6.63e-05]	5 [3.00 ,8.00]	TRUE	TRUE	1
chr7	70961198	70973901		1	0	0	chr7-70955928-INV-18020	12.704		0.64	NA	0.345	67%	NA	NA	0 (0%)	7.55e-06 [7.38e-06 ,1.07e-05]	1 [1.00 ,1.00]	FALSE	FALSE	0
chr7	73113989	74799029		3	19	0.0093	chr7-73113990-INV-1685041	1685.041		0.05	NA	0.752	80%	NA	NA	19 (0.93%)	2.62e-05 [1.36e-05 ,4.33e-05]	3 [2.00 ,4.00]	TRUE	TRUE	1
chr7	74869950	75058098		6	1	0.0053	chr7-74799031-INV-480422	188.149		0.1	NA	43.316	95%	NA	NA	1 (0.53%)	5.70e-05 [1.26e-05 ,7.79e-05]	6 [1.90 ,6.00]	TRUE	TRUE	1
chr7	97445822	97459601		1	0	0	chr7-97445827-INV-13775	13.78		0.02	NA	0.322	74%	NA	NA	0 (0%)	1.01e-05 [7.39e-06 ,1.29e-05]	1 [1.00 ,1.00]	FALSE	FALSE	0
chr8	2343351	2378385		17	32	0.1236	chr8-2340295-INV-42058	35.035		0.51	NA	55.884	99%	NA	NA	32 (12.36%)	1.13e-04 [3.30e-05 ,1.53e-04]	17 [3.40 ,17.00]	TRUE	TRUE	1
chr8	7301024	12598379		15	1366	0.0923	chr8-7301025-INV-5297356	5297.356		0.5	NA	1.043	86%	NA	NA	1366 (9.23%)	1.11e-04 [2.28e-05 ,1.60e-04]	15 [4.75 ,17.00]	TRUE	TRUE	1
chr9	123979106	123991038		NA	1	0.0286	chr9-123976301-INV-18001	11.933		0.52	NA	2.734	99%	NA	NA	1 (2.86%)	NA	NA	TRUE	NA	NA
chr9	87942696	88110274		1	0	0	chr9-87942698-INV-167577	167.579		0.01	NA	29.935	98%	NA	NA	0 (0%)	7.58e-06 [2.69e-06 ,1.09e-05]	1 [1.00 ,1.00]	FALSE	FALSE	0
chrX	101602193	101611599		NA	1	0.1	chrX-101597550-INV-18696	9.407		0.59	NA	4.55	97%	NA	NA	1 (10%)	NA	NA	TRUE	NA	NA
chrX	103989434	104049428		5	2	0.0267	chrX-103954976-INV-128112	59.995		0.63	NA	49.516	94%	NA	NA	2 (2.67%)	5.80e-05 [3.08e-05 ,6.51e-05]	5 [2.22 ,5.00]	TRUE	TRUE	1
chrX	120087101	120149199		5	0	0	chrX-120080219-INV-75364	62.099		0.25	NA	48.964	99%	NA	NA	0 (0%)	5.41e-05 [2.08e-05 ,7.81e-05]	5 [1.97 ,5.00]	FALSE	TRUE	NA
chrX	135165183	135207322		7	0	0	chrX-135116507-INV-139642	42.14		0.4	NA	42.999	99%	NA	NA	0 (0%)	9.80e-05 [5.70e-05 ,1.03e-04]	7 [3.15 ,7.00]	FALSE	TRUE	NA
chrX	135623647	135665679		3	0	0	chrX-135619381-INV-52316	42.033		0.06	NA	15.667	85%	NA	NA	0 (0%)	3.90e-05 [2.05e-05 ,5.02e-05]	3 [2.00 ,3.00]	FALSE	TRUE	NA
chrX	141110160	141232877		5	0	0	chrX-141110161-INV-122718	122.718		0.11	NA	0.354	59%	NA	NA	0 (0%)	5.84e-05 [2.59e-05 ,8.28e-05]	5 [3.53 ,5.00]	FALSE	TRUE	NA
chrX	149599490	149655967		3	3	0.0517	chrX-149599491-INV-56477	56.478		0.08	NA	0.123	62%	NA	NA	3 (5.17%)	3.51e-05 [2.34e-05 ,4.70e-05]	3 [2.00 ,3.00]	TRUE	TRUE	1
chrX	149681035	149722249		9	7	0.1556	chrX-149654273-INV-94882	41.215		0.61	NA	28.365	98%	NA	NA	7 (15.56%)	8.50e-05 [7.80e-05 ,1.21e-04]	9 [7.25 ,9.88]	TRUE	TRUE	1
chrX	149747302	149768782		NA	0	0	chrX-149747303-INV-21480	21.481		0.08	NA	0.528	76%	NA	NA	0 (0%)	NA	NA	FALSE	NA	NA
chrX	153149748	153250226		6	46	0.2	chrX-153067814-INV-226118	100.479		0.6	NA	42.88	99%	NA	NA	46 (20%)	5.73e-05 [4.01e-05 ,6.24e-05]	6 [6.00 ,6.00]	TRUE	TRUE	1
chrX	154347246	154384867		4	1	0.0213	chrX-154339398-INV-53354	37.622		0.44	NA	11.391	98%	NA	NA	1 (2.13%)	6.13e-05 [5.42e-05 ,9.36e-05]	4 [4.00 ,4.92]	TRUE	TRUE	1
chrX	154591327	154613096		3	1	0.0556	chrX-154555919-INV-93915	21.77		0.43	NA	35.738	99%	NA	NA	1 (5.56%)	4.95e-05 [4.75e-05 ,7.85e-05]	3 [3.00 ,5.85]	TRUE	TRUE	1
chrX	155386727	155453982		5	1	0.0125	chrX-155366835-INV-100636	67.256		0.15	NA	50.58	98%	NA	NA	1 (1.25%)	5.77e-05 [4.47e-05 ,6.59e-05]	5 [5.00 ,5.00]	TRUE	TRUE	1
chrX	51692963	51700363		2	0	0	chrX-51667498-INV-58316	7.401		0.68	NA	1.212	95%	NA	NA	0 (0%)	3.07e-05 [3.07e-05 ,3.07e-05]	2 [2.00 ,2.00]	FALSE	TRUE	NA
chrX	52077120	52176974		6	14	0.0471	chrX-52040360-INV-173922	99.855		0.36	NA	36.406	99%	NA	NA	14 (4.71%)	5.42e-05 [2.33e-05 ,1.03e-04]	6 [5.40 ,11.00]	TRUE	TRUE	1
chrX	71702806	71778386		NA	0	0	chrX-71702807-INV-75580	75.581		0.41	NA	29.705	99%	NA	NA	0 (0%)	NA	NA	FALSE	NA	NA
chrX	72997772	73077479		6	16	0.1311	chrX-72996081-INV-91407	79.708		0.2	NA	9.597	98%	NA	NA	16 (13.11%)	5.48e-05 [2.88e-05 ,5.98e-05]	6 [2.60 ,6.00]	TRUE	TRUE	1
chrX	76146153	76148949		NA	2	0.5	chrX-76141867-INV-11379	2.797		0.52	NA	4.379	98%	NA	NA	2 (50%)	NA	NA	TRUE	NA	NA
chr1	21203917	21204602		NA	0	0	chr1-21203898-INV-862	0.685		0.06	NA	0.966	69%	NA	NA	0 (0%)	NA	NA	FALSE	NA	NA
chr1	26641622	26646431		NA	0	0	chr1-26639853-INV-8324	4.809		0.99	NA	4.691	78%	NA	NA	0 (0%)	NA	NA	FALSE	NA	NA
chr1	60776841	60778677		3	0	0	chr1-60775308-INV-5023	1.836		0.08	NA	4.306	95%	NA	NA	0 (0%)	2.45e-05 [2.45e-05 ,2.45e-05]	3 [3.00 ,3.00]	FALSE	TRUE	NA
chr1	91666232	91667085		NA	0	0	chr1-91666258-INV-840	0.853		0.1	NA	0.275	80%	NA	NA	0 (0%)	NA	NA	FALSE	NA	NA
chr1	120299058	120600965		NA	0	0	chr1-120299059-INV-301908	301.907		0.84	NA	68.381	99%	NA	NA	0 (0%)	NA	NA	FALSE	NA	NA
chr1	149843518	149850293		3	0	0	chr1-149842162-INV-9508	6.775		0.61	NA	36.09	85%	NA	NA	0 (0%)	3.29e-05 [1.03e-05 ,3.49e-05]	3 [1.10 ,3.00]	FALSE	FALSE	0
chr1	197787659	197788856		NA	0	0	chr1-197787661-INV-1197	1.197		0.09	NA	0.525	60%	NA	NA	0 (0%)	NA	NA	FALSE	NA	NA
chr10	4983056	4984361		2	0	0	chr10-4961364-INV-47135	1.305		0.08	NA	43.696	78%	NA	NA	0 (0%)	1.26e-05 [1.26e-05 ,1.26e-05]	2 [2.00 ,2.00]	FALSE	TRUE	NA
chr10	37105149	37111121		NA	0	0	chr10-37102555-INV-11157	5.972		0.48	NA	2.765	97%	NA	NA	0 (0%)	NA	NA	FALSE	NA	NA
chr10	71066858	71067726		NA	0	0	chr10-71065991-INV-2615	0.868		0.05	NA	0.994	91%	NA	NA	0 (0%)	NA	NA	FALSE	NA	NA
chr10	73657969	73660146		NA	0	0	chr10-73657970-INV-2177	2.177		0.1	NA	0.672	85%	NA	NA	0 (0%)	NA	NA	FALSE	NA	NA
chr10	87308005	87425030		NA	0	0	chr10-87308006-INV-117026	117.025		0.02	NA	51.594	99%	NA	NA	0 (0%)	NA	NA	FALSE	NA	NA
chr10	91443587	91446029		NA	0	0	chr10-91440445-INV-8733	2.442		0.85	NA	13.438	80%	NA	NA	0 (0%)	NA	NA	FALSE	NA	NA
chr10	103205557	103205994		NA	0	0	chr10-103197205-INV-9055	0.437		0.06	NA	0.855	63%	NA	NA	0 (0%)	NA	NA	FALSE	NA	NA
chr11	311836	317944		NA	0	0	chr11-310146-INV-10302	6.108		0.73	NA	4.167	71%	NA	NA	0 (0%)	NA	NA	FALSE	NA	NA
chr11	738649	740185		NA	0	0	chr11-738460-INV-2650	1.536		0.03	NA	0.749	68%	NA	NA	0 (0%)	NA	NA	FALSE	NA	NA
chr11	48888300	48892127		NA	1	0.1	chr11-48880392-INV-19590	3.827		0.34	NA	16.173	82%	NA	NA	1 (10%)	NA	NA	TRUE	NA	NA
chr11	71571819	71576724		2	0	0	chr11-71571191-INV-6980	4.905		0.03	NA	7.058	84%	NA	NA	0 (0%)	1.56e-05 [6.52e-06 ,1.91e-05]	2 [1.05 ,2.00]	FALSE	FALSE	0
chr12	37705668	37737662		NA	0	0	chr12-37705669-INV-31994	31.994		0.02	NA	45.958	62%	NA	NA	0 (0%)	NA	NA	FALSE	NA	NA
chr12	71546200	71547738		NA	1	0.1429	chr12-71546144-INV-1652	1.538		0.09	NA	0.258	72%	NA	NA	1 (14.29%)	NA	NA	TRUE	NA	NA
chr13	37315207	37317760		NA	0	0	chr13-37314466-INV-4035	2.553		0.11	NA	0.75	99%	NA	NA	0 (0%)	NA	NA	FALSE	NA	NA
chr13	48199250	48206639		1	0	0	chr13-48199211-INV-7451	7.389		0.02	NA	0.466	62%	NA	NA	0 (0%)	9.54e-06 [9.75e-06 ,1.78e-05]	1 [1.02 ,1.98]	FALSE	FALSE	0
chr14	34547864	34555230		NA	0	0	chr14-34540582-INV-21874	7.366		0.45	NA	7.251	99%	NA	NA	0 (0%)	NA	NA	FALSE	NA	NA
chr14	60606118	60611659		1	0	0	chr14-60604531-INV-8718	5.541		0.18	NA	1.598	99%	NA	NA	0 (0%)	9.39e-06 [8.40e-06 ,1.04e-05]	1 [1.00 ,1.00]	FALSE	FALSE	0
chr14	65375818	65376683		NA	0	0	chr14-65375818-INV-880	0.865		0.29	NA	0.711	73%	NA	NA	0 (0%)	NA	NA	FALSE	NA	NA
chr14	105693931	105698385		NA	0	0	chr14-105692001-INV-7875	4.454		0.67	NA	2.164	93%	NA	NA	0 (0%)	NA	NA	FALSE	NA	NA
chr15	23345459	28389868		1	0	0	chr15-23345460-INV-5044410	5044.409		0.01	NA	1.336	81%	NA	NA	0 (0%)	8.36e-06 [5.02e-06 ,1.26e-05]	1 [1.00 ,1.00]	FALSE	FALSE	0
chr16	1245200	1247503		NA	0	0	chr16-1226779-INV-28828	2.303		0.93	NA	9.283	94%	NA	NA	0 (0%)	NA	NA	FALSE	NA	NA
chr16	35946683	35952382		1	0	0	chr16-35945424-INV-12423	5.699		0.97	NA	6.207	77%	NA	NA	0 (0%)	1.04e-05 [9.59e-06 ,1.12e-05]	1 [1.00 ,1.00]	FALSE	FALSE	0
chr16	48616945	48617439		NA	0	0	chr16-48616946-INV-494	0.494		0.34	NA	0.274	68%	NA	NA	0 (0%)	NA	NA	FALSE	NA	NA
chr16	85155339	85156001		NA	0	0	chr16-85155144-INV-1053	0.662		0.58	NA	0.32	78%	NA	NA	0 (0%)	NA	NA	FALSE	NA	NA
chr17	30621881	30625589		NA	1	0.1111	chr17-30616357-INV-14733	3.708		0.5	NA	5.763	99%	NA	NA	1 (11.11%)	NA	NA	TRUE	NA	NA
chr17	76181937	76182932		NA	0	0	chr17-76181651-INV-1551	0.995		0.1	NA	1.776	62%	NA	NA	0 (0%)	NA	NA	FALSE	NA	NA
chr18	12145103	12146503		NA	0	0	chr18-12141485-INV-8631	1.4		0.75	NA	4.129	65%	NA	NA	0 (0%)	NA	NA	FALSE	NA	NA
chr19	43365871	43369065		NA	0	0	chr19-43355096-INV-25294	3.194		0.01	NA	16.649	71%	NA	NA	0 (0%)	NA	NA	FALSE	NA	NA
chr2	87987171	111255403		1	0	0	chr2-87987172-INV-23268233	23268.232		0.01	NA	0.343	81%	NA	NA	0 (0%)	7.64e-06 [4.93e-06 ,1.03e-05]	1 [1.00 ,1.00]	FALSE	FALSE	0
chr2	97168744	97170236		NA	0	0	chr2-97168745-INV-1492	1.492		0.08	NA	1.49	92%	NA	NA	0 (0%)	NA	NA	FALSE	NA	NA
chr2	138247429	138251774		NA	0	0	chr2-138246733-INV-5010	4.345		0.73	NA	0.756	99%	NA	NA	0 (0%)	NA	NA	FALSE	NA	NA
chr2	215962718	215963440		NA	0	0	chr2-215962719-INV-722	0.722		0.11	NA	0.234	67%	NA	NA	0 (0%)	NA	NA	FALSE	NA	NA
chr2	222149224	222149582		NA	0	0	chr2-222147677-INV-3251	0.358		0.01	NA	4.414	84%	NA	NA	0 (0%)	NA	NA	FALSE	NA	NA
chr20	10807797	10808434		NA	0	0	chr20-10807400-INV-1454	0.637		0.41	NA	1.454	66%	NA	NA	0 (0%)	NA	NA	FALSE	NA	NA
chr20	24397726	24406144		1	0	0	chr20-24397727-INV-8419	8.418		0.01	NA	0.154	66%	NA	NA	0 (0%)	4.50e-06 [4.14e-06 ,4.86e-06]	1 [1.00 ,1.00]	FALSE	FALSE	0
chr20	28495291	28508286		NA	0	0	chr20-28495292-INV-12996	12.995		0.87	NA	4.82	77%	NA	NA	0 (0%)	NA	NA	FALSE	NA	NA
chr21	26001836	26002391		NA	0	0	chr21-26001839-INV-547	0.555		0.8	NA	0.364	72%	NA	NA	0 (0%)	NA	NA	FALSE	NA	NA
chr21	26648368	26649407		NA	0	0	chr21-26648370-INV-1039	1.039		0.57	NA	0.675	75%	NA	NA	0 (0%)	NA	NA	FALSE	NA	NA
chr22	23969582	23971740		NA	0	0	chr22-23968095-INV-5062	2.158		0.17	NA	39.659	90%	NA	NA	0 (0%)	NA	NA	FALSE	NA	NA
chr3	26316193	26317447		NA	0	0	chr3-26315757-INV-2108	1.254		0.03	NA	2.871	68%	NA	NA	0 (0%)	NA	NA	FALSE	NA	NA
chr3	75454477	75455715		1	0	0	chr3-75454478-INV-1238	1.238		0.03	NA	0.836	67%	NA	NA	0 (0%)	1.04e-05 [1.05e-05 ,1.64e-05]	1 [1.02 ,1.98]	FALSE	FALSE	0
chr3	131969227	131977820		NA	0	0	chr3-131969892-INV-7927	8.593		0.11	NA	1.926	66%	NA	NA	0 (0%)	NA	NA	FALSE	NA	NA
chr4	33098066	33104924		1	0	0	chr4-33098029-INV-7075	6.858		0.03	NA	0.3	74%	NA	NA	0 (0%)	1.01e-05 [7.67e-06 ,1.15e-05]	1 [1.00 ,1.00]	FALSE	FALSE	0
chr4	145693552	145694748		NA	0	0	chr4-145693640-INV-908	1.196		0.66	NA	0.593	66%	NA	NA	0 (0%)	NA	NA	FALSE	NA	NA
chr5	16978658	16979397		3	0	0	chr5-16979045-INV-519	0.739		0.06	NA	0.815	77%	NA	NA	0 (0%)	2.31e-05 [2.06e-05 ,2.56e-05]	3 [3.00 ,3.00]	FALSE	TRUE	NA
chr5	46896906	46915828		NA	0	0	chr5-46896907-INV-18922	18.922		0.77	NA	0.186	59%	NA	NA	0 (0%)	NA	NA	FALSE	NA	NA
chr5	64470920	64477089		NA	1	0.0526	chr5-64466170-INV-15635	6.169		0.73	NA	15.999	68%	NA	NA	1 (5.26%)	NA	NA	TRUE	NA	NA
chr5	64470928	64475118		NA	0	0	chr5-64470929-INV-4190	4.19		0.74	NA	16.007	68%	NA	NA	0 (0%)	NA	NA	FALSE	NA	NA
chr5	179643529	179651253		1	0	0	chr5-179633880-INV-24659	7.724		0.99	NA	9.55	68%	NA	NA	0 (0%)	7.75e-06 [7.04e-06 ,1.08e-05]	1 [1.00 ,1.00]	FALSE	FALSE	0
chr6	26736772	26739621		NA	0	0	chr6-26736773-INV-2849	2.849		0.43	NA	38.353	97%	NA	NA	0 (0%)	NA	NA	FALSE	NA	NA
chr6	89213914	89214230		NA	0	0	chr6-89213913-INV-300	0.316		0.55	NA	0.44	66%	NA	NA	0 (0%)	NA	NA	FALSE	NA	NA
chr6	123106049	123109821		1	0	0	chr6-123106042-INV-3793	3.772		0.03	NA	3.265	63%	NA	NA	0 (0%)	9.02e-06 [8.06e-06 ,9.48e-06]	1 [1.00 ,1.00]	FALSE	FALSE	0
chr6	130527041	130531150		NA	0	0	chr6-130527042-INV-4267	4.109		0.16	NA	0.334	65%	NA	NA	0 (0%)	NA	NA	FALSE	NA	NA
chr7	40839776	40840871		NA	0	0	chr7-40839738-INV-1134	1.095		0.51	NA	0.216	72%	NA	NA	0 (0%)	NA	NA	FALSE	NA	NA
chr7	47614508	47615262		NA	0	0	chr7-47614229-INV-1139	0.754		0.19	NA	0.622	73%	NA	NA	0 (0%)	NA	NA	FALSE	NA	NA
chr7	60898864	60908951		NA	0	0	chr7-60898865-INV-10087	10.087		0.27	NA	0.629	92%	NA	NA	0 (0%)	NA	NA	FALSE	NA	NA
chr7	63356275	63388165		NA	4	0.1026	chr7-63356276-INV-31891	31.89		0.4	NA	65.641	99%	NA	NA	4 (10.26%)	NA	NA	TRUE	NA	NA
chr7	67019303	67020338		NA	0	0	chr7-67019304-INV-851	1.035		0.1	NA	0.731	74%	NA	NA	0 (0%)	NA	NA	FALSE	NA	NA
chr7	143808752	143818413		NA	0	0	chr7-143808753-INV-9661	9.661		0.32	NA	0.94	99%	NA	NA	0 (0%)	NA	NA	FALSE	NA	NA
chr8	102423403	102423638		NA	0	0	chr8-102423262-INV-520	0.235		0.31	NA	0.356	84%	NA	NA	0 (0%)	NA	NA	FALSE	NA	NA
chr8	102880337	102881094		NA	0	0	chr8-102880338-INV-757	0.757		0.03	NA	0.587	72%	NA	NA	0 (0%)	NA	NA	FALSE	NA	NA
chr9	30952354	30956484		2	0	0	chr9-30951702-INV-5595	4.13		0.02	NA	3.711	63%	NA	NA	0 (0%)	1.57e-05 [1.45e-05 ,1.66e-05]	2 [2.00 ,2.00]	FALSE	TRUE	NA
chr9	64028785	64068456		NA	0	0	chr9-64028786-INV-39671	39.671		0.98	NA	2.28	95%	NA	NA	0 (0%)	NA	NA	FALSE	NA	NA
chr9	85797070	85801040		1	0	0	chr9-85796067-INV-6026	3.97		0.01	NA	1.197	96%	NA	NA	0 (0%)	5.41e-06 [5.41e-06 ,5.41e-06]	1 [1.00 ,1.00]	FALSE	FALSE	0
chr9	91958957	91959591		NA	0	0	chr9-91958952-INV-763	0.634		0.09	NA	0.376	66%	NA	NA	0 (0%)	NA	NA	FALSE	NA	NA
chr9	102565838	102570277		NA	0	0	chr9-102565835-INV-4446	4.439		0.07	NA	0.969	62%	NA	NA	0 (0%)	NA	NA	FALSE	NA	NA
chr9	113111686	113112886		NA	0	0	chr9-113105213-INV-14149	1.2		0.6	NA	6.855	98%	NA	NA	0 (0%)	NA	NA	FALSE	NA	NA
chrX	6219005	6220343		NA	0	0	chrX-6219014-INV-1337	1.338		0.51	NA	0.206	66%	NA	NA	0 (0%)	NA	NA	FALSE	NA	NA
chrX	14711416	14713197		NA	0	0	chrX-14711418-INV-1780	1.781		0.03	NA	0.755	70%	NA	NA	0 (0%)	NA	NA	FALSE	NA	NA
chrX	45689038	45691227		NA	0	0	chrX-45687777-INV-4877	2.189		0.02	NA	1.445	98%	NA	NA	0 (0%)	NA	NA	FALSE	NA	NA
chrX	52502274	52510614		NA	0	0	chrX-52492352-INV-19975	8.34		0.78	NA	31.006	97%	NA	NA	0 (0%)	NA	NA	FALSE	NA	NA
chrX	55480141	55493063		NA	3	0.2308	chrX-55480174-INV-12894	12.922		0.44	NA	26.676	99%	NA	NA	3 (23.08%)	NA	NA	TRUE	NA	NA
chrX	102338170	102348934		NA	6	0.5	chrX-102317111-INV-52896	10.764		0.56	NA	60	99%	NA	NA	6 (50%)	NA	NA	TRUE	NA	NA
chrX	135765135	135776630		NA	0	0	chrX-135718085-INV-149049	11.495		0.9	NA	8.592	94%	NA	NA	0 (0%)	NA	NA	FALSE	NA	NA
chrX	153074418	153075612		NA	0	0	chrX-153066070-INV-17879	1.194		0.49	NA	8.466	99%	NA	NA	0 (0%)	NA	NA	FALSE	NA	NA
chrY	6452942	9763793		NA	NA	NA	chrY-6452943-INV-3310852	3310.852		0.1	NA	6.813	66%	NA	NA	NA	1.07e-04 (0.95e-04, 1.22e-04)	2	NA	NA	NA
chrY	9797298	9817138		NA	NA	NA	chrY-9797299-INV-19841	19.841		0.43	NA	1.904	71%	NA	NA	NA	1.07e-04 (0.95e-04, 1.22e-04)	2	NA	NA	NA
chrY	14019657	14023071		NA	NA	NA	chrY-14014802-INV-12509	3.415		0.67	NA	45.625	94%	NA	NA	NA	2.15e-04 (1.89e-04, 2.43e-04)	4	NA	NA	NA
chrY	16269646	16315779		NA	NA	NA	chrY-16256794-INV-67832	46.134		0.37	NA	59.923	99%	NA	NA	NA	2.68e-04 (2.37e-04, 3.04e-04)	5	NA	NA	NA
chrY	17949447	17956300		NA	NA	NA	chrY-17949448-INV-6854	6.854		0.7	NA	69.77	96%	NA	NA	NA	2.68e-04 (2.37e-04, 3.04e-04)	5	NA	NA	NA
chrY	18640355	18667145		NA	NA	NA	chrY-18632163-INV-54113	26.791		0.13	NA	46.669	98%	NA	NA	NA	1.07e-04 (0.95e-04, 1.22e-04)	2	NA	NA	NA
chrY	21021692	21063744		NA	NA	NA	chrY-21013458-INV-38445	42.053		0.6	NA	1.092	63%	NA	NA	NA	2.15e-04 (1.89e-04, 2.43e-04)	4	NA	NA	NA
chrY	22204071	22384088		NA	NA	NA	chrY-22204072-INV-180018	180.018		0.17	NA	64.668	99%	NA	NA	NA	2.68e-04 (2.37e-04, 3.04e-04)	5	NA	NA	NA
chr1	13190914	13324586		NA	0	0	chr1-13190915-INV-133672	133.672		0.03	NA	12.499	94%	NA	NA	0 (0%)	NA	NA	FALSE	NA	NA
chr1	43593641	43594291		NA	NA	NA	chr1-43593626-INV-710	0.65		0.69	NA	0.328	78%	NA	NA	NA	NA	NA	NA	NA	NA
chr1	108310642	108383736		5	3	0.0144	chr1-108311808-INV-57118	73.094		0.57	NA	60.01	99%	NA	NA	3 (1.44%)	1.84e-05 [1.84e-05 ,1.94e-05]	5 [5.02 ,5.97]	TRUE	TRUE	1
chr1	144376209	144600799		1	0	0	chr1-144376210-INV-224591	224.59		0.61	NA	59.373	97%	NA	NA	0 (0%)	1.05e-05 [1.15e-05 ,3.27e-05]	1 [1.10 ,3.95]	FALSE	FALSE	0
chr1	148893781	149265643		6	0	0	chr1-148893782-INV-371863	371.862		0.7	NA	40.837	99%	NA	NA	0 (0%)	6.20e-05 [2.67e-05 ,6.86e-05]	6 [2.22 ,6.00]	FALSE	TRUE	NA
chr1	227499209	227502113		NA	0	0	chr1-227492704-INV-15726	2.904		0.14	NA	9.82	89%	NA	NA	0 (0%)	NA	NA	FALSE	NA	NA
chr1	248518572	248529489		7	0	0	chr1-248517894-INV-12881	10.917		0.7	NA	59.618	97%	NA	NA	0 (0%)	5.12e-05 [2.02e-05 ,7.32e-05]	7 [3.60 ,7.85]	FALSE	TRUE	NA
chr10	46144703	46204851		2	0	0	chr10-46135869-INV-77646	60.148		0.06	NA	11.287	97%	NA	NA	0 (0%)	1.70e-05 [8.39e-06 ,2.24e-05]	2 [1.00 ,2.00]	FALSE	FALSE	0
chr10	46769328	46857141		NA	0	0	chr10-46769329-INV-87814	87.813		0.06	NA	0.286	81%	NA	NA	0 (0%)	NA	NA	FALSE	NA	NA
chr10	47480263	47546423		NA	0	0	chr10-47480264-INV-66161	66.16		0.03	NA	0.352	69%	NA	NA	0 (0%)	NA	NA	FALSE	NA	NA
chr10	47649265	47756785		NA	0	0	chr10-47649266-INV-107520	107.52		0.06	NA	0.347	80%	NA	NA	0 (0%)	NA	NA	FALSE	NA	NA
chr10	47983093	48044442		NA	0	0	chr10-47983094-INV-61350	61.349		0.03	NA	0.372	67%	NA	NA	0 (0%)	NA	NA	FALSE	NA	NA
chr10	55007431	55013434		3	0	0	chr10-55007454-INV-5370	6.003		0.09	NA	0.193	62%	NA	NA	0 (0%)	2.96e-05 [2.75e-05 ,3.16e-05]	3 [3.00 ,3.00]	FALSE	FALSE	0
chr10	65465445	65470067		1	0	0	chr10-65465442-INV-4580	4.622		0.01	NA	0.443	62%	NA	NA	0 (0%)	7.91e-06 [3.66e-06 ,8.90e-06]	1 [1.00 ,1.00]	FALSE	FALSE	0
chr10	113411933	113412252		NA	NA	NA	chr10-113411929-INV-356	0.319		0.1	NA	0.326	69%	NA	NA	NA	NA	NA	NA	NA	NA
chr10	131619777	131620717		NA	0	0	chr10-131619519-INV-1521	0.94		0.06	NA	1.672	59%	NA	NA	0 (0%)	NA	NA	FALSE	NA	NA
chr10	133657262	133787421		NA	0	0	chr10-133657263-INV-130160	130.159		0.07	NA	0.287	72%	NA	NA	0 (0%)	NA	NA	FALSE	NA	NA
chr11	1667460	1683267		NA	0	0	chr11-1661292-INV-24445	15.807		0.5	NA	7.637	74%	NA	NA	0 (0%)	NA	NA	FALSE	NA	NA
chr11	4271709	4289557		NA	0	0	chr11-4271710-INV-17848	17.848		0.86	NA	56.008	86%	NA	NA	0 (0%)	NA	NA	FALSE	NA	NA
chr11	24263179	24266246		NA	0	0	chr11-24263185-INV-392	3.067		0.05	NA	0.126	61%	NA	NA	0 (0%)	NA	NA	FALSE	NA	NA
chr11	55662739	55666690		NA	0	0	chr11-55662740-INV-3952	3.951		0.17	NA	0.125	61%	NA	NA	0 (0%)	NA	NA	FALSE	NA	NA
chr11	62093043	62102999		2	0	0	chr11-62094124-INV-7773	9.956		0.45	NA	9.957	91%	NA	NA	0 (0%)	2.31e-05 [2.31e-05 ,2.31e-05]	2 [2.00 ,2.00]	FALSE	TRUE	NA
chr11	66251227	66252453		NA	NA	NA	chr11-66251212-INV-1252	1.226		0.21	NA	0.837	49%	NA	NA	NA	NA	NA	NA	NA	NA
chr11	89920623	89923848		5	3	0.25	chr11-89920625-INV-3224	3.225		0.53	NA	48.7	99%	NA	NA	3 (25%)	3.36e-05 [3.38e-05 ,4.11e-05]	5 [5.05 ,6.95]	TRUE	TRUE	1
chr12	13392624	13397634		NA	NA	NA	chr12-13392052-INV-6162	5.01		0.59	NA	3.834	69%	NA	NA	NA	NA	NA	NA	NA	NA
chr13	52310302	52320954		1	0	0	chr13-52310303-INV-10653	10.652		0.02	NA	0.351	78%	NA	NA	0 (0%)	7.75e-06 [7.96e-06 ,1.60e-05]	1 [1.02 ,1.98]	FALSE	FALSE	0
chr13	63727377	63820968		3	0	0	chr13-63717417-INV-120779	93.591		0.05	NA	0.303	81%	NA	NA	0 (0%)	2.27e-05 [1.18e-05 ,2.52e-05]	3 [2.00 ,3.00]	FALSE	TRUE	NA
chr13	97456283	97456722		NA	NA	NA	chr13-97456279-INV-437	0.439		0.12	NA	0.292	70%	NA	NA	NA	NA	NA	NA	NA	NA
chr14	18862645	19659006		NA	0	0	chr14-18862646-INV-796362	796.361		0.19	NA	7.896	99%	NA	NA	0 (0%)	NA	NA	FALSE	NA	NA
chr14	105573622	105577544		NA	0	0	chr14-105571550-INV-8996	3.922		0.17	NA	2.258	93%	NA	NA	0 (0%)	NA	NA	FALSE	NA	NA
chr15	23295576	23318191		5	0	0	chr15-23295577-INV-22616	22.615		0.69	NA	14.371	99%	NA	NA	0 (0%)	1.81e-05 [1.09e-05 ,3.66e-05]	5 [1.40 ,5.00]	FALSE	FALSE	0
chr15	28298424	28623514		NA	0	0	chr15-28298425-INV-325091	325.09		0.08	NA	15.407	93%	NA	NA	0 (0%)	NA	NA	FALSE	NA	NA
chr15	30436458	30529803		NA	0	0	chr15-30434572-INV-97097	93.345		0.17	NA	58.386	99%	NA	NA	0 (0%)	NA	NA	FALSE	NA	NA
chr15	32477828	32571283		NA	0	0	chr15-32475961-INV-97199	93.455		0.02	NA	36.26	98%	NA	NA	0 (0%)	NA	NA	FALSE	NA	NA
chr15	82330918	82357797		NA	0	0	chr15-82330919-INV-26880	26.879		0.19	NA	0.355	76%	NA	NA	0 (0%)	NA	NA	FALSE	NA	NA
chr15	82360482	82515134		3	0	0	chr15-82360483-INV-154653	154.652		0.08	NA	27.705	93%	NA	NA	0 (0%)	2.42e-05 [2.08e-05 ,3.23e-05]	3 [3.00 ,3.00]	FALSE	TRUE	NA
chr16	14907775	15028479		11	3	0.0213	chr16-14907776-INV-120705	120.704		0.43	NA	1.555	64%	NA	NA	3 (2.13%)	1.48e-04 [1.04e-05 ,1.53e-04]	11 [1.10 ,11.00]	TRUE	FALSE	NA
chr16	14954790	15100859		3	5	0.0223	chr16-15028481-INV-133352	146.069		0.77	NA	33.434	79%	NA	NA	5 (2.23%)	2.64e-05 [1.91e-05 ,8.32e-05]	3 [3.00 ,8.00]	TRUE	TRUE	1
chr16	18337348	18356673		NA	0	0	chr16-18337349-INV-19325	19.325		0.27	NA	1.071	70%	NA	NA	0 (0%)	NA	NA	FALSE	NA	NA
chr16	20506046	20521893		NA	0	0	chr16-20506047-INV-15848	15.847		0.14	NA	44.124	93%	NA	NA	0 (0%)	NA	NA	FALSE	NA	NA
chr16	28709344	28776487		NA	0	0	chr16-28709345-INV-67143	67.143		0.23	NA	0.412	74%	NA	NA	0 (0%)	NA	NA	FALSE	NA	NA
chr16	32364220	32528442		NA	0	0	chr16-32364221-INV-164223	164.222		0.12	NA	0.052	76%	NA	NA	0 (0%)	NA	NA	FALSE	NA	NA
chr16	32755978	32879590		NA	0	0	chr16-32755979-INV-123613	123.612		0.36	NA	0.176	58%	NA	NA	0 (0%)	NA	NA	FALSE	NA	NA
chr16	32991171	33102750		NA	0	0	chr16-32991172-INV-111580	111.579		0.35	NA	0.288	74%	NA	NA	0 (0%)	NA	NA	FALSE	NA	NA
chr16	34507814	34520859		NA	NA	NA	chr16-34507815-INV-13045	13.045		0.01	NA	0.299	62%	NA	NA	NA	NA	NA	NA	NA	NA
chr16	34577841	34580535		NA	NA	NA	chr16-34577842-INV-2694	2.694		0.86	NA	2.293	70%	NA	NA	NA	NA	NA	NA	NA	NA
chr16	46383780	46384105		NA	NA	NA	chr16-46383781-INV-325	0.325		0.5	NA	1.883	72%	NA	NA	NA	NA	NA	NA	NA	NA
chr17	3082008	3221835		1	0	0	chr17-3052058-INV-200164	139.827		0.01	NA	31.609	95%	NA	NA	0 (0%)	7.43e-06 [2.17e-06 ,1.00e-05]	1 [1.00 ,1.00]	FALSE	FALSE	0
chr17	5982838	5983104		NA	NA	NA	chr17-5982217-INV-1513	0.266		0.73	NA	1.714	85%	NA	NA	NA	NA	NA	NA	NA	NA
chr17	16823490	18384190		2	0	0	chr17-16823491-INV-1560701	1560.7		0.02	NA	0.319	64%	NA	NA	0 (0%)	1.55e-05 [6.20e-06 ,2.18e-05]	2 [1.00 ,2.00]	FALSE	FALSE	0
chr17	18622359	18823773		NA	0	0	chr17-18677352-INV-146444	201.414		0.02	NA	24.331	98%	NA	NA	0 (0%)	NA	NA	FALSE	NA	NA
chr17	36109569	36223772		5	0	0	chr17-36109570-INV-114204	114.203		0.07	NA	0.19	63%	NA	NA	0 (0%)	4.60e-05 [3.39e-05 ,5.91e-05]	5 [4.00 ,5.00]	FALSE	TRUE	NA
chr17	37415181	37415638		NA	NA	NA	chr17-37415091-INV-607	0.457		0.5	NA	0.328	72%	NA	NA	NA	NA	NA	NA	NA	NA
chr17	43232908	43321964		NA	0	0	chr17-43231917-INV-93156	89.056		0.98	NA	1.671	93%	NA	NA	0 (0%)	NA	NA	FALSE	NA	NA
chr17	43263148	43322883		NA	0	0	chr17-43263149-INV-59735	59.735		0.98	NA	2.198	87%	NA	NA	0 (0%)	NA	NA	FALSE	NA	NA
chr17	45573556	45585158		1	0	0	chr17-45573557-INV-11603	11.602		0.25	NA	0.683	76%	NA	NA	0 (0%)	1.29e-05 [1.32e-05 ,2.43e-05]	1 [1.10 ,4.90]	FALSE	FALSE	0
chr18	29783947	29784342		NA	NA	NA	chr18-29783948-INV-395	0.395		0.13	NA	0.473	62%	NA	NA	NA	NA	NA	NA	NA	NA
chr2	88861564	88886160		NA	NA	NA	chr2-88859192-INV-39467	24.596		0.15	NA	0.095	64%	NA	NA	NA	NA	NA	NA	NA	NA
chr2	90060918	90216479		NA	0	0	chr2-90060919-INV-155562	155.561		0.07	NA	0.318	76%	NA	NA	0 (0%)	NA	NA	FALSE	NA	NA
chr2	90286375	90379428		4	0	0	chr2-90286376-INV-93054	93.053		0.3	NA	0.165	62%	NA	NA	0 (0%)	4.36e-05 [3.44e-05 ,5.21e-05]	4 [3.05 ,4.00]	FALSE	TRUE	NA
chr2	94191333	94294046		NA	0	0	chr2-94191334-INV-102714	102.713		0.02	NA	0.215	72%	NA	NA	0 (0%)	NA	NA	FALSE	NA	NA
chr2	97348052	97360454		NA	4	0.2857	chr2-97340523-INV-28715	12.402		0.49	NA	60	98%	NA	NA	4 (28.57%)	NA	NA	TRUE	NA	NA
chr2	110095177	110276210		14	0	0	chr2-110095179-INV-181032	181.033		0.64	NA	60.009	99%	NA	NA	0 (0%)	9.38e-05 [2.04e-05 ,1.51e-04]	14 [2.00 ,15.00]	FALSE	TRUE	NA
chr2	236356880	236358489		NA	0	0	chr2-236356297-INV-2677	1.609		0.07	NA	3.043	70%	NA	NA	0 (0%)	NA	NA	FALSE	NA	NA
chr2	240685789	240688966		NA	1	0.1	chr2-240674170-INV-26389	3.177		0.36	NA	13.493	92%	NA	NA	1 (10%)	NA	NA	TRUE	NA	NA
chr20	28751288	28752630		NA	NA	NA	chr20-28751289-INV-1342	1.342		0.5	NA	19.475	61%	NA	NA	NA	NA	NA	NA	NA	NA
chr20	29257746	29419750		1	0	0	chr20-29257747-INV-162005	162.004		0.01	NA	0.049	69%	NA	NA	0 (0%)	7.80e-06 [5.72e-06 ,9.57e-06]	1 [1.00 ,1.00]	FALSE	FALSE	0
chr21	13205437	13221054		NA	0	0	chr21-13205468-INV-15566	15.617		0.05	NA	0.664	67%	NA	NA	0 (0%)	NA	NA	FALSE	NA	NA
chr22	21201771	21280466		NA	0	0	chr22-21201772-INV-78695	78.695		0.03	NA	0.972	70%	NA	NA	0 (0%)	NA	NA	FALSE	NA	NA
chr3	28417060	28417483		NA	NA	NA	chr3-28414484-INV-5621	0.423		0.15	NA	5.625	93%	NA	NA	NA	NA	NA	NA	NA	NA
chr3	162827574	162829855		NA	NA	NA	chr3-162827167-INV-3077	2.281		0.23	NA	1.141	73%	NA	NA	NA	NA	NA	NA	NA	NA
chr3	195680054	195724206		NA	0	0	chr3-195680055-INV-44153	44.152		0.5	NA	0.09	57%	NA	NA	0 (0%)	NA	NA	FALSE	NA	NA
chr4	40233406	40235439		NA	0	0	chr4-40233409-INV-2010	2.033		0.3	NA	0.395	74%	NA	NA	0 (0%)	NA	NA	FALSE	NA	NA
chr4	49284664	49291017		NA	NA	NA	chr4-49284665-INV-6354	6.353		0.36	NA	0.137	84%	NA	NA	NA	NA	NA	NA	NA	NA
chr4	49291019	49325004		NA	5	0.0769	chr4-49291020-INV-33986	33.985		0.51	NA	21.92	92%	NA	NA	5 (7.69%)	NA	NA	TRUE	NA	NA
chr4	156905870	156912808		NA	NA	NA	chr4-156904334-INV-8519	6.938		0.01	NA	0.298	73%	NA	NA	NA	NA	NA	NA	NA	NA
chr4	187950173	187954784		NA	NA	NA	chr4-187948402-INV-8158	4.611		0.35	NA	1.945	98%	NA	NA	NA	NA	NA	NA	NA	NA
chr5	17580905	17592445		NA	NA	NA	chr5-17580906-INV-11540	11.54		0.16	NA	0.078	70%	NA	NA	NA	NA	NA	NA	NA	NA
chr5	21479305	21500726		NA	0	0	chr5-21479306-INV-21422	21.421		0.02	NA	0.26	72%	NA	NA	0 (0%)	NA	NA	FALSE	NA	NA
chr5	29069229	29069523		NA	NA	NA	chr5-29069209-INV-308	0.294		0.45	NA	0.404	73%	NA	NA	NA	NA	NA	NA	NA	NA
chr5	47061568	47082062		NA	0	0	chr5-47061569-INV-20494	20.494		0.33	NA	26.307	68%	NA	NA	0 (0%)	NA	NA	FALSE	NA	NA
chr5	47105115	47151367		NA	0	0	chr5-47105116-INV-46253	46.252		0.66	NA	20.594	72%	NA	NA	0 (0%)	NA	NA	FALSE	NA	NA
chr5	70527773	70533912		NA	NA	NA	chr5-70527774-INV-6139	6.139		0.01	NA	0.312	73%	NA	NA	NA	NA	NA	NA	NA	NA
chr5	71009586	71093997		1	0	0	chr5-71009587-INV-84412	84.411		0.06	NA	0.643	60%	NA	NA	0 (0%)	1.35e-05 [1.39e-05 ,2.62e-05]	1 [1.02 ,1.98]	FALSE	FALSE	0
chr5	181098775	181100846		NA	2	0.2857	chr5-181095856-INV-7651	2.071		0.25	NA	2.855	96%	NA	NA	2 (28.57%)	NA	NA	TRUE	NA	NA
chr6	94031360	94031695		NA	NA	NA	chr6-94031361-INV-335	0.335		0.56	NA	0.388	63%	NA	NA	NA	NA	NA	NA	NA	NA
chr7	62290674	62363143		10	12	0.0508	chr7-62290675-INV-72470	72.469		0.42	NA	19.575	96%	NA	NA	12 (5.08%)	8.92e-05 [5.98e-05 ,8.96e-05]	10 [5.50 ,10.90]	TRUE	TRUE	1
chr7	62408486	62456444		18	12	0.0591	chr7-62408487-INV-47959	47.958		0.57	NA	2.899	71%	NA	NA	12 (5.91%)	9.42e-05 [4.58e-05 ,1.24e-04]	18 [9.12 ,19.00]	TRUE	TRUE	1
chr7	65572704	65581644		NA	0	0	chr7-65565115-INV-74905	8.94		0.39	NA	0.132	60%	NA	NA	0 (0%)	NA	NA	FALSE	NA	NA
chr7	76603963	76620409		NA	0	0	chr7-76603964-INV-16446	16.446		0.5	NA	0.707	69%	NA	NA	0 (0%)	NA	NA	FALSE	NA	NA
chr7	107418983	107422332		NA	0	0	chr7-107418074-INV-5179	3.349		0.89	NA	0.964	98%	NA	NA	0 (0%)	NA	NA	FALSE	NA	NA
chr7	143779394	143798726		NA	0	0	chr7-143779395-INV-19333	19.332		0.5	NA	0.241	69%	NA	NA	0 (0%)	NA	NA	FALSE	NA	NA
chr7	144254564	144256766		NA	0	0	chr7-144254565-INV-2203	2.202		0.69	NA	0.331	75%	NA	NA	0 (0%)	NA	NA	FALSE	NA	NA
chr8	12369152	12394133		NA	0	0	chr8-12369153-INV-24982	24.981		0.24	NA	0.337	73%	NA	NA	0 (0%)	NA	NA	FALSE	NA	NA
chr8	85728658	85741892		NA	NA	NA	chr8-85728659-INV-13234	13.234		0.61	NA	33.543	72%	NA	NA	NA	NA	NA	NA	NA	NA
chr8	85741974	85762792		NA	NA	NA	chr8-85741975-INV-20818	20.818		0.43	NA	11.101	95%	NA	NA	NA	NA	NA	NA	NA	NA
chr8	85769984	85821716		NA	0	0	chr8-85769985-INV-51732	51.732		0.19	NA	0.089	66%	NA	NA	0 (0%)	NA	NA	FALSE	NA	NA
chr9	12004038	12074552		2	0	0	chr9-12016541-INV-55306	70.514		0.02	NA	1.437	63%	NA	NA	0 (0%)	1.25e-05 [6.24e-06 ,1.68e-05]	2 [1.00 ,2.00]	FALSE	FALSE	0
chr9	38773640	42796744		NA	0	0	chr9-38773641-INV-4023105	4023.104		0.03	NA	0.316	82%	NA	NA	0 (0%)	NA	NA	FALSE	NA	NA
chrX	48396314	48399110		NA	0	0	chrX-48395426-INV-4575	2.796		0.31	NA	40.667	93%	NA	NA	0 (0%)	NA	NA	FALSE	NA	NA
chrX	52921572	52934581		NA	0	0	chrX-52880292-INV-93962	13.009		0.61	NA	38.558	99%	NA	NA	0 (0%)	NA	NA	FALSE	NA	NA
chrX	63185600	63193343		NA	NA	NA	chrX-63182245-INV-13735	7.743		0.4	NA	67.692	90%	NA	NA	NA	NA	NA	NA	NA	NA
chrX	106266279	106275333		NA	NA	NA	chrX-106266349-INV-33658	9.054		0.39	NA	10.002	99%	NA	NA	NA	NA	NA	NA	NA	NA
chrX	112504686	112516959		1	0	0	chrX-112504687-INV-12274	12.273		0.01	NA	1.518	66%	NA	NA	0 (0%)	9.69e-06 [7.26e-06 ,1.19e-05]	1 [1.00 ,1.00]	FALSE	FALSE	0
chrX	135734732	135748584		5	0	0	chrX-135733567-INV-16180	13.852		0.22	NA	17.449	97%	NA	NA	0 (0%)	5.78e-05 [3.50e-05 ,5.79e-05]	5 [3.10 ,5.00]	FALSE	TRUE	NA
chrX	135765867	135794758		NA	NA	NA	chrX-135765868-INV-28891	28.891		0.5	NA	0.321	65%	NA	NA	NA	NA	NA	NA	NA	NA
chrX	141585256	141589189		4	0	0	chrX-141573056-INV-28779	3.933		0.36	NA	12.687	98%	NA	NA	0 (0%)	4.37e-05 [3.74e-05 ,4.97e-05]	4 [3.05 ,4.00]	FALSE	TRUE	NA
chrX	152729753	152738707		5	5	0.125	chrX-152678163-INV-111649	8.954		0.4	NA	51.161	98%	NA	NA	5 (12.5%)	5.59e-05 [3.52e-05 ,5.53e-05]	5 [5.05 ,6.95]	TRUE	TRUE	1
chrY	6243097	6340647		NA	NA	NA	chrY-6243098-INV-97551	97.55		0.47	NA	0.395	72%	NA	NA	NA			NA	NA	NA
chrY	10367644	10419983		NA	NA	NA	chrY-10367645-INV-52339	52.339		0.13	NA	0.1	58%	NA	NA	NA			NA	NA	NA
chrY	15883580	15896218		NA	NA	NA	chrY-15874908-INV-30002	12.638		0.23	NA	8.226	98%	NA	NA	NA			NA	NA	NA
chrY	21053790	21063744		NA	NA	NA	chrY-21052503-INV-12528	9.954		0.53	NA	6.063	92%	NA	NA	NA			NA	NA	NA

chrY	22207318	22325285		NA	NA	NA	chrY-22207319-INV-117968	117.967		0.17	NA	0.279	63%	NA	NA	NA			NA	NA	NA
