chr,region_start,region_end,0_sequence_length,1_sequence_length,0_sequence_length_adjusted,1_sequence_length_adjusted,0_segregating_sites,1_segregating_sites,0_w_theta,1_w_theta,0_pi,1_pi,0_segregating_sites_filtered,1_segregating_sites_filtered,0_w_theta_filtered,1_w_theta_filtered,0_pi_filtered,1_pi_filtered,0_num_hap_no_filter,1_num_hap_no_filter,0_num_hap_filter,1_num_hap_filter,inversion_freq_no_filter,inversion_freq_filter,haplotype_overall_fst_wc,haplotype_between_pop_variance_wc,haplotype_within_pop_variance_wc,haplotype_num_informative_sites_wc,hudson_fst_hap_group_0v1,hudson_dxy_hap_group_0v1,hudson_pi_hap_group_0,hudson_pi_hap_group_1,hudson_pi_avg_hap_group_0v1
1,13104252,13122521,18270,18270,18269,18269,93,174,0.001363,0.002058,0.001646,0.001352,88,172,0.001358,0.002188,0.001640,0.001386,24,58,20,42,0.707317,0.677419,0.115492,3.498519,26.793889,231,0.110575,0.001701,0.001640,0.001386,0.001513
1,13190914,13324586,133673,133673,22836,22836,241,3,0.002165,0.000131,0.000785,0.000131,232,0,0.002108,0.000000,0.000735,0.000000,74,2,70,0,0.026316,0.000000,NA,0.000000,0.000000,285,NA,NA,NA,NA,NA
1,21203917,21204602,686,686,686,686,2,0,0.000607,0.000000,0.000398,0.000000,0,0,0.000000,NaN,0.000000,NaN,69,5,5,1,0.067568,0.166667,NA,0.000000,0.000000,3,NA,NA,NA,NA,NA
1,25324280,25369060,44781,44781,44781,44781,12,0,0.000054,NaN,0.000040,NaN,12,0,0.000054,NaN,0.000040,NaN,81,1,81,1,0.012195,0.012195,0.033333,0.061728,1.790123,12,NA,NA,NA,NA,NA
1,26641622,26646431,4810,4810,4810,4810,0,0,NaN,0.000000,NaN,0.000000,0,0,NaN,0.000000,NaN,0.000000,1,81,1,79,0.987805,0.987500,NA,0.000000,0.000000,0,NA,NA,NA,NA,NA
1,43593641,43594291,651,651,651,651,0,0,0.000000,0.000000,0.000000,0.000000,0,0,0.000000,0.000000,0.000000,0.000000,26,54,10,46,0.675000,0.821429,NA,0.000000,0.000000,0,NA,0.000000,0.000000,0.000000,0.000000
1,60776841,60778677,1837,1837,1837,1837,11,6,0.001225,0.001333,0.001008,0.000933,10,3,0.001190,0.001089,0.001065,0.001089,75,7,55,3,0.085366,0.051724,-0.130507,-0.226084,1.958442,14,-0.133488,0.000950,0.001065,0.001089,0.001077
1,81650508,81707447,56940,56940,56940,56940,273,0,0.000966,NaN,0.000618,NaN,272,0,0.000962,NaN,0.000615,NaN,81,1,81,1,0.012195,0.012195,0.167273,7.035802,35.025926,275,NA,NA,NA,NA,NA
1,91666232,91667085,854,854,854,854,0,0,0.000000,0.000000,0.000000,0.000000,0,0,0.000000,0.000000,0.000000,0.000000,73,9,4,2,0.109756,0.333333,NA,0.000000,0.000000,0,NA,0.000000,0.000000,0.000000,0.000000
1,108310642,108383736,73095,73095,61482,61482,59,64,0.000235,0.000237,0.000188,0.000106,59,64,0.000235,0.000237,0.000188,0.000106,34,46,34,46,0.575000,0.575000,0.079573,0.746225,8.631615,75,0.074530,0.000159,0.000188,0.000106,0.000147
1,120299058,120600965,301908,301908,85317,85317,0,2,0.000000,0.000005,0.000000,0.000007,0,2,0.000000,0.000005,0.000000,0.000007,14,68,14,68,0.829268,0.829268,0.327374,0.230471,0.473529,2,0.466003,0.000006,0.000000,0.000007,0.000003
1,144376209,144600799,224591,224591,51489,51489,6,7,0.000029,0.000030,0.000019,0.000018,6,7,0.000030,0.000030,0.000016,0.000018,30,50,29,49,0.625000,0.628205,-0.015694,-0.013756,0.890292,10,-0.015099,0.000017,0.000016,0.000018,0.000017
1,145160434,146154520,994087,994087,485529,485529,983,255,0.000409,0.000525,0.000255,0.000525,983,255,0.000409,0.000525,0.000255,0.000525,80,2,80,2,0.024390,0.024390,0.215723,34.517174,125.489687,1096,0.011222,0.000395,0.000255,0.000525,0.000390
1,146298109,148672872,2374764,2374764,1220778,1220778,978,5973,0.000801,0.000988,0.000801,0.000722,978,5970,0.000801,0.000987,0.000801,0.000722,2,80,2,80,0.975610,0.975610,0.098121,96.015232,882.525313,6158,0.072024,0.000821,0.000801,0.000722,0.000762
1,148893781,149265643,371863,371863,93189,93189,17,19,0.000051,0.000044,0.000041,0.000042,17,19,0.000051,0.000044,0.000041,0.000042,21,59,21,59,0.737500,0.737500,-0.024403,-0.093036,3.905466,24,-0.024165,0.000041,0.000041,0.000042,0.000042
1,149843518,149850293,6776,6776,6775,6775,7,12,0.000259,0.000394,0.000211,0.000192,6,12,0.000228,0.000399,0.000199,0.000194,31,51,28,48,0.621951,0.631579,0.003423,0.004561,1.328024,16,0.003249,0.000197,0.000199,0.000194,0.000197
1,197787659,197788856,1198,1198,1198,1198,4,1,0.000689,0.000322,0.000370,0.000209,3,1,0.000567,0.000341,0.000369,0.000238,72,8,47,7,0.100000,0.129630,-0.076604,-0.030178,0.424129,8,-0.059638,0.000287,0.000369,0.000238,0.000304
1,227499209,227502113,2905,2905,2905,2905,5,2,0.000358,0.000235,0.000069,0.000125,5,2,0.000360,0.000253,0.000071,0.000153,69,11,67,9,0.137500,0.118421,0.024462,0.005838,0.232800,7,-0.017899,0.000110,0.000071,0.000153,0.000112
1,248128773,248428856,300084,300084,300084,300084,1598,0,0.001072,NaN,0.001017,NaN,1598,0,0.001072,NaN,0.001017,NaN,81,1,81,1,0.012195,0.012195,0.093572,31.495679,305.096914,1625,NA,NA,NA,NA,NA
1,248518572,248529489,10918,10918,10918,10918,65,49,0.001633,0.000970,0.001011,0.000690,65,49,0.001633,0.000970,0.001011,0.000690,22,58,22,58,0.725000,0.725000,0.190504,1.994758,8.476168,87,0.173191,0.001028,0.001011,0.000690,0.000850
10,4983056,4984361,1306,1306,1306,1306,12,5,0.001885,0.001677,0.002096,0.001276,11,0,0.001813,0.000000,0.002008,0.000000,74,6,59,3,0.075000,0.048387,0.434043,1.944594,2.535593,12,0.643413,0.002816,0.002008,0.000000,0.001004
10,15742803,15760427,17625,17625,17625,17625,72,0,0.000823,NaN,0.000492,NaN,72,0,0.000823,NaN,0.000492,NaN,81,1,81,1,0.012195,0.012195,0.377660,5.259259,8.666667,76,NA,NA,NA,NA,NA
10,37105149,37111121,5973,5973,5973,5973,0,0,0.000000,0.000000,0.000000,0.000000,0,0,0.000000,0.000000,0.000000,0.000000,42,38,42,38,0.475000,0.475000,NA,0.000000,0.000000,0,NA,0.000000,0.000000,0.000000,0.000000
10,46144703,46204851,60149,60149,40542,40542,89,36,0.000449,0.000426,0.000433,0.000390,89,36,0.000449,0.000426,0.000433,0.000390,75,5,75,5,0.062500,0.062500,0.448917,14.212887,17.447521,113,0.463098,0.000766,0.000433,0.000390,0.000411
10,46983451,47468232,484782,484782,467448,467448,1347,622,0.000590,0.000543,0.000442,0.000512,1347,622,0.000590,0.000543,0.000442,0.000512,75,7,75,7,0.085366,0.085366,-0.004856,-1.009736,208.930476,1532,-0.014432,0.000470,0.000442,0.000512,0.000477
10,55007431,55013434,6004,6004,6004,6004,11,3,0.000378,0.000219,0.000258,0.000167,11,3,0.000383,0.000219,0.000264,0.000167,72,6,68,6,0.076923,0.081081,0.025116,0.039791,1.544526,13,0.061614,0.000229,0.000264,0.000167,0.000215
10,65465445,65470067,4623,4623,4623,4623,35,0,0.001541,NaN,0.001528,NaN,34,0,0.001505,NaN,0.001531,NaN,77,1,75,1,0.012821,0.013158,0.755862,21.909910,7.076757,58,NA,NA,NA,NA,NA
10,71066858,71067726,869,869,869,869,5,2,0.001174,0.001255,0.000805,0.001151,4,0,0.001152,NaN,0.000698,NaN,76,4,31,1,0.050000,0.031250,0.706250,1.458065,0.606452,5,NA,NA,NA,NA,NA
10,73657969,73660146,2178,2178,2178,2178,2,1,0.000190,0.000187,0.000026,0.000131,0,0,0.000000,0.000000,0.000000,0.000000,71,7,40,6,0.089744,0.130435,NA,0.000000,0.000000,3,NA,0.000000,0.000000,0.000000,0.000000
10,79542901,80217413,674513,674513,644177,644177,2432,13,0.000768,0.000013,0.000632,0.000013,2432,13,0.000768,0.000013,0.000632,0.000013,77,3,77,3,0.037500,0.037500,0.436071,306.754673,396.696415,2518,0.641219,0.000899,0.000632,0.000013,0.000323
10,87308005,87425030,117026,117026,101851,101851,0,0,0.000000,0.000000,0.000000,0.000000,0,0,0.000000,0.000000,0.000000,0.000000,80,2,80,2,0.024390,0.024390,NA,0.000000,0.000000,0,NA,0.000000,0.000000,0.000000,0.000000
10,91443587,91446029,2443,2443,2443,2443,0,0,0.000000,0.000000,0.000000,0.000000,0,0,0.000000,0.000000,0.000000,0.000000,13,69,13,67,0.841463,0.837500,NA,0.000000,0.000000,0,NA,0.000000,0.000000,0.000000,0.000000
10,103205557,103205994,438,438,438,438,4,2,0.001874,0.002491,0.002463,0.002283,3,0,0.003736,0.000000,0.003425,0.000000,74,4,4,0,0.051282,0.000000,NA,0.000000,0.000000,4,NA,NA,NA,NA,NA
10,113411933,113412252,320,320,320,320,0,0,0.000000,0.000000,0.000000,0.000000,0,0,0.000000,0.000000,0.000000,0.000000,73,9,3,3,0.109756,0.500000,NA,0.000000,0.000000,0,NA,0.000000,0.000000,0.000000,0.000000
10,131619777,131620717,941,941,941,941,4,2,0.000875,0.001020,0.001075,0.000850,4,0,0.000972,NaN,0.001204,NaN,73,5,45,1,0.064103,0.021739,-0.342105,-0.288889,1.133333,7,NA,NA,NA,NA,NA
11,311836,317944,6109,6109,6109,6109,0,0,0.000000,0.000000,0.000000,0.000000,0,0,0.000000,0.000000,0.000000,0.000000,24,58,24,58,0.707317,0.707317,NA,0.000000,0.000000,0,NA,0.000000,0.000000,0.000000,0.000000
11,738649,740185,1537,1537,1537,1537,8,0,0.001054,0.000000,0.000271,0.000000,4,0,0.000651,NaN,0.000319,NaN,79,3,31,1,0.036585,0.031250,-0.900000,-0.232258,0.490323,8,NA,NA,NA,NA,NA
11,1667460,1683267,15808,15808,15808,15808,0,0,NaN,NaN,NaN,NaN,0,0,NaN,NaN,NaN,NaN,1,1,1,1,0.500000,0.500000,NA,0.000000,0.000000,64,NA,NA,NA,NA,NA
11,4271709,4289557,17849,17849,17849,17849,0,0,0.000000,0.000000,0.000000,0.000000,0,0,0.000000,0.000000,0.000000,0.000000,8,70,5,53,0.897436,0.913793,NA,0.000000,0.000000,0,NA,0.000000,0.000000,0.000000,0.000000
11,18249084,18265819,16736,16736,16736,16736,91,0,0.001095,NaN,0.001114,NaN,91,0,0.001095,NaN,0.001114,NaN,81,1,81,1,0.012195,0.012195,0.139721,3.029012,18.650000,94,NA,NA,NA,NA,NA
11,24263179,24266246,3068,3068,3068,3068,0,0,0.000000,0.000000,0.000000,0.000000,0,0,0.000000,0.000000,0.000000,0.000000,76,4,60,4,0.050000,0.062500,NA,0.000000,0.000000,0,NA,0.000000,0.000000,0.000000,0.000000
11,48888300,48892127,3828,3828,3828,3828,7,3,0.000403,0.000200,0.000215,0.000161,7,3,0.000408,0.000201,0.000202,0.000148,53,29,50,28,0.353659,0.358974,0.020262,0.014468,0.699549,9,0.023501,0.000179,0.000202,0.000148,0.000175
11,50154999,50324102,169104,169104,169104,169104,589,383,0.000774,0.000567,0.000593,0.000592,589,383,0.000774,0.000567,0.000593,0.000592,51,31,51,31,0.378049,0.378049,0.252044,33.779596,100.243137,740,0.252091,0.000792,0.000593,0.000592,0.000593
11,55662739,55666690,3952,3952,3952,3952,0,0,0.000000,0.000000,0.000000,0.000000,0,0,0.000000,0.000000,0.000000,0.000000,65,15,63,15,0.187500,0.192308,NA,0.000000,0.000000,0,NA,0.000000,0.000000,0.000000,0.000000
11,62093043,62102999,9957,9957,9957,9957,11,8,0.000265,0.000192,0.000247,0.000074,9,2,0.000259,0.000049,0.000261,0.000012,37,37,19,33,0.500000,0.634615,0.233794,0.308889,1.012313,20,0.171206,0.000165,0.000261,0.000012,0.000136
11,66251227,66252453,1227,1227,1227,1227,0,0,0.000000,0.000000,0.000000,0.000000,0,0,0.000000,0.000000,0.000000,0.000000,60,18,29,7,0.230769,0.194444,NA,0.000000,0.000000,0,NA,0.000000,0.000000,0.000000,0.000000
11,71571819,71576724,4906,4906,4906,4906,18,10,0.000743,0.001359,0.000965,0.001359,18,10,0.000743,0.001359,0.000965,0.001359,79,3,79,3,0.036585,0.036585,0.229136,1.422139,4.784388,23,0.162806,0.001388,0.000965,0.001359,0.001162
11,89920623,89923848,3226,3226,3225,3225,17,14,0.001280,0.000993,0.000789,0.000859,17,14,0.001319,0.001027,0.000864,0.000887,35,45,31,39,0.562500,0.557143,-0.020464,-0.056719,2.828395,20,-0.020405,0.000858,0.000864,0.000887,0.000876
12,13392624,13397634,5011,5011,5011,5011,0,0,0.000000,0.000000,0.000000,0.000000,0,0,0.000000,0.000000,0.000000,0.000000,35,47,9,45,0.573171,0.833333,NA,0.000000,0.000000,0,NA,0.000000,0.000000,0.000000,0.000000
12,37705668,37737662,31995,31995,31995,31995,0,0,0.000000,0.000000,0.000000,0.000000,0,0,0.000000,0.000000,0.000000,0.000000,80,2,80,2,0.024390,0.024390,NA,0.000000,0.000000,0,NA,0.000000,0.000000,0.000000,0.000000
12,46896694,46915975,19282,19282,19282,19282,88,0,0.000929,0.000000,0.000649,0.000000,88,0,0.000929,0.000000,0.000649,0.000000,77,5,77,5,0.060976,0.060976,0.319800,5.592715,11.895455,91,0.519842,0.000676,0.000649,0.000000,0.000325
12,71546200,71547738,1539,1539,1539,1539,0,0,0.000000,0.000000,0.000000,0.000000,0,0,0.000000,0.000000,0.000000,0.000000,75,7,57,7,0.085366,0.109375,NA,0.000000,0.000000,0,NA,0.000000,0.000000,0.000000,0.000000
12,75713180,75731794,18615,18615,18615,18615,66,0,0.000714,NaN,0.000585,NaN,66,0,0.000714,NaN,0.000585,NaN,81,1,81,1,0.012195,0.012195,0.179814,2.386420,10.885185,66,NA,NA,NA,NA,NA
12,131312081,131644839,332759,332759,332759,332759,1748,167,0.001063,0.000335,0.001042,0.000337,1739,165,0.001058,0.000331,0.001036,0.000331,79,3,79,3,0.036585,0.036585,0.197357,83.314319,338.835443,1759,0.348130,0.001048,0.001036,0.000331,0.000683
12,131333943,131623807,289865,289865,289865,289865,1597,151,0.001115,0.000347,0.001091,0.000350,1589,149,0.001110,0.000343,0.001085,0.000343,79,3,79,3,0.036585,0.036585,0.192425,73.625009,308.990928,1604,0.344133,0.001088,0.001085,0.000343,0.000714
13,37315207,37317760,2554,2554,2554,2554,0,0,0.000000,0.000000,0.000000,0.000000,0,0,0.000000,0.000000,0.000000,0.000000,73,9,71,9,0.109756,0.112500,NA,0.000000,0.000000,0,NA,0.000000,0.000000,0.000000,0.000000
13,48199250,48206639,7390,7390,7390,7390,25,2,0.000683,0.000271,0.000370,0.000271,25,2,0.000687,0.000271,0.000377,0.000271,80,2,78,2,0.024390,0.025000,0.088366,0.269412,2.779421,25,0.162367,0.000387,0.000377,0.000271,0.000324
13,52310302,52320954,10653,10653,10653,10653,30,4,0.000578,0.000375,0.000184,0.000375,30,4,0.000578,0.000375,0.000184,0.000375,74,2,74,2,0.026316,0.026316,0.084791,0.184244,1.988678,37,-0.119602,0.000250,0.000184,0.000375,0.000280
13,52344010,52502256,158247,158247,158247,158247,610,169,0.000780,0.000712,0.000285,0.000712,610,169,0.000780,0.000712,0.000285,0.000712,79,3,79,3,0.036585,0.036585,0.169158,9.519935,46.758439,673,-0.018783,0.000489,0.000285,0.000712,0.000498
13,53902573,54093373,190801,190801,190801,190801,863,0,0.000911,NaN,0.000678,NaN,863,0,0.000911,NaN,0.000678,NaN,81,1,81,1,0.012195,0.012195,0.125392,18.558025,129.441975,867,NA,NA,NA,NA,NA
13,63727377,63820968,93592,93592,83005,83005,166,42,0.000413,0.000276,0.000191,0.000265,166,42,0.000413,0.000276,0.000191,0.000265,72,4,72,4,0.052632,0.052632,0.417417,11.548635,16.118243,198,0.363534,0.000358,0.000191,0.000265,0.000228
13,64598737,64616218,17482,17482,17482,17482,86,0,0.000991,NaN,0.000828,NaN,86,0,0.000991,NaN,0.000828,NaN,81,1,81,1,0.012195,0.012195,0.332051,7.194444,14.472222,89,NA,NA,NA,NA,NA
13,79823210,79839670,16461,16461,16461,16461,62,25,0.000768,0.000665,0.000833,0.000531,62,25,0.000768,0.000665,0.000833,0.000531,76,6,76,6,0.073171,0.073171,0.034900,0.484724,13.404386,63,0.072081,0.000735,0.000833,0.000531,0.000682
13,97456283,97456722,440,440,440,440,2,0,0.000955,0.000000,0.000138,0.000000,0,0,0.000000,0.000000,0.000000,0.000000,66,10,8,2,0.131579,0.200000,NA,0.000000,0.000000,2,NA,0.000000,0.000000,0.000000,0.000000
14,18862645,19659006,796362,796362,18718,18718,0,0,0.000000,0.000000,0.000000,0.000000,0,0,0.000000,0.000000,0.000000,0.000000,13,15,13,15,0.535714,0.535714,NA,0.000000,0.000000,0,NA,0.000000,0.000000,0.000000,0.000000
14,34547864,34555230,7367,7367,7367,7367,2,1,0.000062,0.000032,0.000074,0.000033,0,0,0.000000,0.000000,0.000000,0.000000,44,38,44,38,0.463415,0.463415,NA,0.000000,0.000000,0,NA,0.000000,0.000000,0.000000,0.000000
14,60606118,60611659,5542,5542,5542,5542,10,1,0.000377,0.000057,0.000172,0.000026,10,1,0.000377,0.000057,0.000172,0.000026,68,14,68,14,0.170732,0.170732,0.163175,0.160593,0.823582,11,0.250866,0.000132,0.000172,0.000026,0.000099
14,65375818,65376683,866,866,866,866,0,0,0.000000,0.000000,0.000000,0.000000,0,0,0.000000,0.000000,0.000000,0.000000,58,22,9,11,0.275000,0.550000,NA,0.000000,0.000000,0,NA,0.000000,0.000000,0.000000,0.000000
14,85872200,85889269,17070,17070,17070,17070,60,0,0.000708,NaN,0.000484,NaN,60,0,0.000708,NaN,0.000484,NaN,81,1,81,1,0.012195,0.012195,-0.372131,-2.241975,8.266667,60,NA,NA,NA,NA,NA
14,105573622,105577544,3923,3923,3923,3923,5,3,0.000270,0.000235,0.000108,0.000160,0,2,0.000000,0.000510,0.000000,0.000510,63,15,4,2,0.192308,0.333333,0.384615,0.312500,0.500000,7,0.000000,0.000255,0.000000,0.000510,0.000255
14,105693931,105698385,4455,4455,4455,4455,0,0,0.000000,0.000000,0.000000,0.000000,0,0,0.000000,0.000000,0.000000,0.000000,6,12,6,12,0.666667,0.666667,NA,0.000000,0.000000,0,NA,0.000000,0.000000,0.000000,0.000000
15,22701127,23213881,512755,512755,422588,422588,1749,0,0.000834,NaN,0.000639,NaN,1748,0,0.000833,NaN,0.000638,NaN,81,1,81,1,0.012195,0.012195,-0.132255,-31.496296,269.644444,1766,NA,NA,NA,NA,NA
15,23295576,23318191,22616,22616,6333,6333,41,46,0.002144,0.001594,0.001203,0.000366,0,0,0.000000,0.000000,0.000000,0.000000,12,54,9,51,0.818182,0.850000,NA,0.000000,0.000000,0,NA,0.000000,0.000000,0.000000,0.000000
15,23345459,28389868,5044410,5044410,4970597,4970597,26281,0,0.001065,NaN,0.000889,NaN,26201,0,0.001062,NaN,0.000888,NaN,81,1,81,1,0.012195,0.012195,-0.093828,-378.414815,4411.476543,26515,NA,NA,NA,NA,NA
15,28298424,28623514,325091,325091,26876,26876,43,27,0.000873,0.001005,0.000825,0.001005,42,26,0.000852,0.000967,0.000800,0.000967,4,2,4,2,0.333333,0.333333,-0.201660,-3.796875,22.625000,165,-0.233766,0.000716,0.000800,0.000967,0.000884
15,30618103,32153204,1535102,1535102,1535102,1535102,7239,1681,0.000973,0.000387,0.000714,0.000347,7232,1679,0.000972,0.000387,0.000713,0.000347,72,10,72,10,0.121951,0.121951,0.224102,298.039212,1031.889722,7586,0.283881,0.000740,0.000713,0.000347,0.000530
15,82360482,82515134,154653,154653,95208,95208,98,37,0.000212,0.000170,0.000173,0.000148,98,36,0.000214,0.000181,0.000174,0.000166,72,6,69,5,0.076923,0.067568,0.075491,1.351399,16.550081,127,0.080921,0.000185,0.000174,0.000166,0.000170
15,84373375,84416696,43322,43322,28113,28113,173,151,0.001465,0.001235,0.001456,0.000664,173,151,0.001465,0.001235,0.001456,0.000664,38,44,38,44,0.536585,0.536585,0.263993,10.390288,28.967913,254,0.257759,0.001428,0.001456,0.000664,0.001060
16,1245200,1247503,2304,2304,2304,2304,0,0,0.000000,0.000000,0.000000,0.000000,0,0,0.000000,0.000000,0.000000,0.000000,5,77,4,74,0.939024,0.948718,NA,0.000000,0.000000,0,NA,0.000000,0.000000,0.000000,0.000000
16,14907775,15028479,120705,120705,73689,73689,14,17,0.000046,0.000057,0.000027,0.000027,7,3,0.000037,0.000013,0.000031,0.000013,35,33,8,14,0.485294,0.636364,0.024451,0.035268,1.407143,37,-0.001709,0.000022,0.000031,0.000013,0.000022
16,14954790,15100859,146070,146070,146069,146069,69,209,0.000142,0.000303,0.000072,0.000242,69,199,0.000142,0.000294,0.000072,0.000236,16,64,16,58,0.800000,0.783784,0.443408,23.461623,29.450431,254,0.516297,0.000318,0.000072,0.000236,0.000154
16,15384482,16276146,891665,891665,813928,813928,3486,0,0.000863,NaN,0.000568,NaN,3484,0,0.000862,NaN,0.000567,NaN,81,1,81,1,0.012195,0.012195,-0.111106,-46.174691,461.767284,3498,NA,NA,NA,NA,NA
16,16721273,18073542,1352270,1352270,1310604,1310604,6495,2090,0.001014,0.000651,0.000789,0.000603,6492,2089,0.001013,0.000651,0.000788,0.000602,75,7,75,7,0.085366,0.085366,0.095552,107.219887,1014.885143,6703,0.119093,0.000789,0.000788,0.000602,0.000695
16,20506046,20521893,15848,15848,15848,15848,0,0,0.000000,0.000000,0.000000,0.000000,0,0,0.000000,0.000000,0.000000,0.000000,66,12,66,12,0.153846,0.153846,NA,0.000000,0.000000,0,NA,0.000000,0.000000,0.000000,0.000000
16,21583511,22432381,848871,848871,676270,676270,364,1584,0.000258,0.000477,0.000244,0.000241,363,1580,0.000258,0.000475,0.000243,0.000240,5,77,5,77,0.939024,0.939024,0.042182,7.150632,162.367662,1642,0.040669,0.000252,0.000243,0.000240,0.000242
16,21864964,22432381,567418,567418,500146,500146,291,1157,0.000279,0.000471,0.000263,0.000240,291,1155,0.000279,0.000470,0.000263,0.000240,5,77,5,77,0.939024,0.939024,0.012410,1.515196,120.581948,1202,0.003305,0.000252,0.000263,0.000240,0.000252
16,28471892,28637651,165760,165760,165759,165759,100,120,0.000134,0.000183,0.000078,0.000170,99,119,0.000132,0.000181,0.000076,0.000169,52,30,52,30,0.365854,0.365854,0.346456,9.624216,18.154840,194,0.319455,0.000180,0.000076,0.000169,0.000122
16,32364220,32528442,164223,164223,24237,24237,0,0,0.000000,0.000000,0.000000,0.000000,0,0,0.000000,0.000000,0.000000,0.000000,55,9,55,9,0.140625,0.140625,NA,0.000000,0.000000,0,NA,0.000000,0.000000,0.000000,0.000000
16,34507814,34520859,13046,13046,13046,13046,0,0,0.000000,NaN,0.000000,NaN,0,0,0.000000,0.000000,0.000000,0.000000,27,1,0,0,0.035714,-1.000000,NA,0.000000,0.000000,0,NA,NA,NA,NA,NA
16,35946683,35952382,5700,5700,5700,5700,0,12,0.000000,0.000426,0.000000,0.000062,0,11,0.000000,0.000404,0.000000,0.000063,3,79,3,67,0.963415,0.957143,-0.197800,-0.057269,0.346795,12,0.002525,0.000031,0.000000,0.000063,0.000031
16,46383780,46384105,326,326,326,326,0,0,NaN,NaN,NaN,NaN,0,0,NaN,NaN,NaN,NaN,1,1,1,1,0.500000,0.500000,NA,0.000000,0.000000,0,NA,NA,NA,NA,NA
16,48616945,48617439,495,495,495,495,0,0,0.000000,0.000000,0.000000,0.000000,0,0,0.000000,0.000000,0.000000,0.000000,52,28,7,3,0.350000,0.300000,NA,0.000000,0.000000,0,NA,0.000000,0.000000,0.000000,0.000000
16,75206214,75222748,16535,16535,16535,16535,16,68,0.000304,0.000859,0.000188,0.000725,16,68,0.000304,0.000859,0.000188,0.000725,14,68,14,68,0.829268,0.829268,0.085819,0.989432,10.539916,74,0.141547,0.000532,0.000188,0.000725,0.000456
16,85155339,85156001,663,663,663,663,0,0,0.000000,0.000000,0.000000,0.000000,0,0,0.000000,0.000000,0.000000,0.000000,35,47,21,39,0.573171,0.650000,NA,0.000000,0.000000,0,NA,0.000000,0.000000,0.000000,0.000000
17,3082008,3221835,139828,139828,139828,139828,770,0,0.001115,NaN,0.000840,NaN,770,0,0.001115,NaN,0.000840,NaN,79,1,79,1,0.012500,0.012500,-0.217165,-20.952288,117.433301,776,NA,NA,NA,NA,NA
17,5982838,5983104,267,267,267,267,0,0,0.000000,0.000000,0.000000,0.000000,0,0,0.000000,0.000000,0.000000,0.000000,18,64,0,64,0.780488,1.000000,NA,0.000000,0.000000,0,NA,NA,NA,NA,NA
17,16823490,18384190,1560701,1560701,1560701,1560701,4938,377,0.000642,0.000242,0.000469,0.000242,4938,377,0.000642,0.000242,0.000469,0.000242,78,2,78,2,0.025000,0.025000,0.014995,11.083308,728.042406,5017,0.151182,0.000419,0.000469,0.000242,0.000355
17,18622359,18823773,201415,201415,201415,201415,4,0,0.000004,NaN,0.000001,NaN,4,0,0.000004,NaN,0.000001,NaN,79,1,79,1,0.012500,0.012500,-0.939394,-0.130802,0.270042,4,NA,NA,NA,NA,NA
17,30621881,30625589,3709,3709,3709,3709,0,0,0.000000,0.000000,0.000000,0.000000,0,0,0.000000,0.000000,0.000000,0.000000,42,40,36,36,0.487805,0.500000,NA,0.000000,0.000000,0,NA,0.000000,0.000000,0.000000,0.000000
17,36109569,36223772,114204,114204,91080,91080,363,99,0.000815,0.000522,0.000498,0.000477,159,0,0.000617,0.000000,0.000521,0.000000,75,5,10,0,0.062500,0.000000,NA,0.000000,0.000000,421,NA,NA,NA,NA,NA
17,37415181,37415638,458,458,458,458,0,0,NaN,NaN,NaN,NaN,0,0,NaN,NaN,NaN,NaN,1,1,1,1,0.500000,0.500000,NA,0.000000,0.000000,1,NA,NA,NA,NA,NA
17,43232908,43321964,89057,89057,78638,78638,0,0,NaN,0.000000,NaN,0.000000,0,0,NaN,0.000000,NaN,0.000000,1,79,1,79,0.987500,0.987500,NA,0.000000,0.000000,0,NA,NA,NA,NA,NA
17,43263148,43322883,59736,59736,59736,59736,0,0,NaN,0.000000,NaN,0.000000,0,0,NaN,0.000000,NaN,0.000000,1,79,1,79,0.987500,0.987500,NA,0.000000,0.000000,0,NA,NA,NA,NA,NA
17,45573556,45585158,11603,11603,11603,11603,25,34,0.000464,0.000814,0.000151,0.000337,0,0,0.000000,0.000000,0.000000,0.000000,59,21,0,0,0.262500,-1.000000,NA,0.000000,0.000000,57,NA,NA,NA,NA,NA
17,45585159,46292045,706887,706887,706887,706887,1621,260,0.000473,0.000130,0.000240,0.000138,1610,246,0.000470,0.000123,0.000238,0.000129,72,10,72,10,0.121951,0.121951,0.918833,1806.566115,159.586389,3309,0.933071,0.002744,0.000238,0.000129,0.000184
17,60035640,60110888,75249,75249,75248,75248,135,20,0.000368,0.000103,0.000227,0.000118,135,20,0.000368,0.000103,0.000227,0.000118,74,8,74,8,0.097561,0.097561,0.139289,2.651949,16.387247,139,0.193330,0.000214,0.000227,0.000118,0.000173
17,76181937,76182932,996,996,996,996,4,3,0.000826,0.001108,0.000410,0.000669,4,0,0.001088,NaN,0.000579,NaN,73,9,23,1,0.109756,0.041667,-0.896104,-0.272727,0.577075,4,NA,NA,NA,NA,NA
18,12145103,12146503,1401,1401,1401,1401,0,0,0.000000,0.000000,0.000000,0.000000,0,0,0.000000,0.000000,0.000000,0.000000,19,61,18,60,0.762500,0.769231,NA,0.000000,0.000000,0,NA,0.000000,0.000000,0.000000,0.000000
18,29783947,29784342,396,396,396,396,0,0,0.000000,0.000000,0.000000,0.000000,0,0,0.000000,0.000000,0.000000,0.000000,70,8,2,2,0.102564,0.500000,NA,0.000000,0.000000,0,NA,0.000000,0.000000,0.000000,0.000000
19,43365871,43369065,3195,3195,3195,3195,0,0,0.000000,NaN,0.000000,NaN,0,0,0.000000,NaN,0.000000,NaN,81,1,69,1,0.012195,0.014286,NA,0.000000,0.000000,0,NA,NA,NA,NA,NA
19,47959660,50091195,2131536,2131536,2131536,2131536,9045,1248,0.000857,0.000585,0.000684,0.000585,9031,1246,0.000855,0.000585,0.000683,0.000585,80,2,80,2,0.024390,0.024390,-0.083478,-111.914047,1452.547500,9157,-0.046729,0.000605,0.000683,0.000585,0.000634
2,45065588,45081777,16190,16190,16190,16190,105,4,0.001313,0.000165,0.000935,0.000165,105,4,0.001313,0.000165,0.000935,0.000165,79,3,79,3,0.036585,0.036585,0.450853,12.178062,14.833122,108,0.614626,0.001427,0.000935,0.000165,0.000550
2,87987171,111255403,23268233,23268233,19501553,19501553,60904,0,0.000629,NaN,0.000448,NaN,60824,0,0.000628,NaN,0.000448,NaN,81,1,81,1,0.012195,0.012195,-0.030739,-260.306173,8728.479012,61622,NA,NA,NA,NA,NA
2,87995841,88180536,184696,184696,184696,184696,635,0,0.000692,NaN,0.000528,NaN,635,0,0.000692,NaN,0.000528,NaN,81,1,81,1,0.012195,0.012195,0.117870,13.041358,97.600617,635,NA,NA,NA,NA,NA
2,88861564,88886160,24597,24597,24597,24597,0,0,0.000000,0.000000,0.000000,0.000000,0,0,0.000000,0.000000,0.000000,0.000000,6,6,6,6,0.500000,0.500000,NA,0.000000,0.000000,0,NA,0.000000,0.000000,0.000000,0.000000
2,90060918,90216479,155562,155562,152812,152812,0,0,0.000000,0.000000,0.000000,0.000000,0,0,0.000000,0.000000,0.000000,0.000000,62,4,62,4,0.060606,0.060606,NA,0.000000,0.000000,0,NA,0.000000,0.000000,0.000000,0.000000
2,90286375,90379428,93054,93054,93054,93054,61,33,0.000143,0.000094,0.000063,0.000047,21,1,0.000080,0.000011,0.000066,0.000011,55,25,10,2,0.312500,0.166667,-0.168186,-0.812000,5.640000,124,0.082621,0.000042,0.000066,0.000011,0.000038
2,91832040,92012663,180624,180624,172863,172863,412,253,0.000537,0.000358,0.000160,0.000175,408,250,0.000532,0.000354,0.000158,0.000169,48,34,48,34,0.414634,0.414634,0.030204,0.874935,28.093076,728,0.029725,0.000169,0.000158,0.000169,0.000164
2,94191333,94294046,102714,102714,101683,101683,0,1,0.000000,0.000010,0.000000,0.000010,0,1,0.000000,0.000010,0.000000,0.000010,0,2,0,2,1.000000,1.000000,NA,0.000000,0.000000,105,NA,NA,NA,NA,NA
2,95496989,95579796,82808,82808,82807,82807,98,47,0.000249,0.000168,0.000117,0.000129,98,47,0.000249,0.000168,0.000117,0.000129,65,17,65,17,0.207317,0.207317,-0.000063,-0.000626,9.915294,123,-0.002117,0.000123,0.000117,0.000129,0.000123
2,95800191,96024403,224213,224213,224213,224213,173,44,0.000157,0.000094,0.000087,0.000102,170,43,0.000154,0.000092,0.000084,0.000099,77,5,77,5,0.060976,0.060976,0.035116,0.693486,19.054805,203,0.018162,0.000093,0.000084,0.000099,0.000092
2,97168744,97170236,1493,1493,1493,1493,1,0,0.000138,0.000000,0.000018,0.000000,0,0,0.000000,NaN,0.000000,NaN,73,7,17,1,0.087500,0.055556,NA,0.000000,0.000000,4,NA,NA,NA,NA,NA
2,97348052,97360454,12403,12403,12402,12402,0,0,0.000000,0.000000,0.000000,0.000000,0,0,0.000000,0.000000,0.000000,0.000000,39,41,39,41,0.512500,0.512500,NA,0.000000,0.000000,0,NA,0.000000,0.000000,0.000000,0.000000
2,108527821,109733036,1205216,1205216,1205215,1205215,4676,854,0.000783,0.000709,0.000556,0.000709,4674,854,0.000783,0.000709,0.000556,0.000709,80,2,80,2,0.024390,0.024390,0.095409,70.856660,671.809375,4740,0.032174,0.000653,0.000556,0.000709,0.000632
2,110095177,110276210,181034,181034,133649,133649,385,279,0.000734,0.000464,0.000663,0.000415,385,279,0.000734,0.000464,0.000663,0.000415,29,51,29,51,0.637500,0.637500,0.131696,10.208792,67.308923,499,0.121538,0.000613,0.000663,0.000415,0.000539
2,130138212,131200602,1062391,1062391,744008,744008,2920,362,0.000792,0.000487,0.000535,0.000487,2917,362,0.000792,0.000487,0.000535,0.000487,80,2,80,2,0.024390,0.024390,0.019236,7.793217,397.347813,3004,0.041933,0.000533,0.000535,0.000487,0.000511
2,130138212,131530534,1392323,1392323,1073940,1073940,4451,554,0.000837,0.000516,0.000638,0.000516,4446,554,0.000836,0.000516,0.000637,0.000516,80,2,80,2,0.024390,0.024390,0.106269,81.194215,682.850625,4575,0.154779,0.000682,0.000637,0.000516,0.000577
2,138247429,138251774,4346,4346,4346,4346,0,1,0.000000,0.000050,0.000000,0.000085,0,1,0.000000,0.000050,0.000000,0.000085,23,59,23,59,0.719512,0.719512,0.153051,0.048240,0.266949,1,0.224138,0.000055,0.000000,0.000085,0.000042
2,215962718,215963440,723,723,723,723,5,1,0.001440,0.000509,0.000594,0.000307,1,0,0.000425,NaN,0.000184,NaN,69,9,15,1,0.115385,0.062500,-1.000000,-0.066667,0.133333,5,NA,NA,NA,NA,NA
2,222149224,222149582,359,359,359,359,4,0,0.002244,NaN,0.003478,NaN,0,0,NaN,NaN,NaN,NaN,81,1,1,1,0.012195,0.500000,NA,0.000000,0.000000,4,NA,NA,NA,NA,NA
2,236356880,236358489,1610,1610,1610,1610,0,0,0.000000,0.000000,0.000000,0.000000,0,0,NaN,NaN,NaN,NaN,20,6,1,1,0.230769,0.500000,NA,0.000000,0.000000,0,NA,NA,NA,NA,NA
2,240685789,240688966,3178,3178,3178,3178,0,0,0.000000,0.000000,0.000000,0.000000,0,0,0.000000,0.000000,0.000000,0.000000,51,29,48,28,0.362500,0.368421,NA,0.000000,0.000000,1,NA,0.000000,0.000000,0.000000,0.000000
20,10807797,10808434,638,638,638,638,0,0,0.000000,0.000000,0.000000,0.000000,0,0,0.000000,0.000000,0.000000,0.000000,46,34,23,27,0.425000,0.540000,NA,0.000000,0.000000,0,NA,0.000000,0.000000,0.000000,0.000000
20,24397726,24406144,8419,8419,8419,8419,47,0,0.001124,NaN,0.000824,NaN,47,0,0.001124,NaN,0.000824,NaN,81,1,81,1,0.012195,0.012195,-0.309441,-1.638889,6.935185,47,NA,NA,NA,NA,NA
20,25846148,26009643,163496,163496,163496,163496,576,167,0.000738,0.000314,0.000723,0.000165,576,167,0.000738,0.000314,0.000723,0.000165,67,15,67,15,0.182927,0.182927,0.227335,30.073120,102.212139,650,0.309036,0.000642,0.000723,0.000165,0.000444
20,28495291,28508286,12996,12996,7590,7590,0,0,0.000000,0.000000,0.000000,0.000000,0,0,NaN,0.000000,NaN,0.000000,11,67,1,19,0.858974,0.950000,NA,0.000000,0.000000,0,NA,NA,NA,NA,NA
20,28751288,28752630,1343,1343,40,40,0,0,NaN,NaN,NaN,NaN,0,0,NaN,NaN,NaN,NaN,1,1,1,1,0.500000,0.500000,NA,0.000000,0.000000,0,NA,NA,NA,NA,NA
20,29257746,29419750,162005,162005,160127,160127,350,0,0.000455,NaN,0.000169,NaN,342,0,0.000445,NaN,0.000164,NaN,69,1,69,1,0.014286,0.014286,-0.223609,-4.812447,26.334186,494,NA,NA,NA,NA,NA
20,47841016,47888238,47223,47223,47223,47223,287,0,0.001224,NaN,0.000828,NaN,287,0,0.001224,NaN,0.000828,NaN,81,1,81,1,0.012195,0.012195,0.108002,4.732099,39.082716,287,NA,NA,NA,NA,NA
21,13987773,14056796,69024,69024,69024,69024,134,3,0.000393,0.000029,0.000237,0.000029,134,3,0.000393,0.000029,0.000237,0.000029,79,3,79,3,0.036585,0.036585,0.339695,8.218870,15.975949,136,0.534971,0.000286,0.000237,0.000029,0.000133
21,19877734,20070170,192437,192437,192437,192437,1029,0,0.001077,NaN,0.000897,NaN,1028,0,0.001076,NaN,0.000894,NaN,81,1,81,1,0.012195,0.012195,0.067326,12.425309,172.130247,1031,NA,NA,NA,NA,NA
21,26001836,26002391,556,556,556,556,0,0,0.000000,0.000000,0.000000,0.000000,0,0,NaN,0.000000,NaN,0.000000,17,61,1,9,0.782051,0.900000,NA,0.000000,0.000000,0,NA,NA,NA,NA,NA
21,26648368,26649407,1040,1040,1040,1040,0,0,0.000000,0.000000,0.000000,0.000000,0,0,0.000000,0.000000,0.000000,0.000000,35,47,21,37,0.573171,0.637931,NA,0.000000,0.000000,0,NA,0.000000,0.000000,0.000000,0.000000
21,43821742,43835116,13375,13375,13375,13375,125,0,0.001882,NaN,0.001792,NaN,125,0,0.001882,NaN,0.001792,NaN,81,1,81,1,0.012195,0.012195,-0.166216,-3.416667,23.972222,126,NA,NA,NA,NA,NA
22,21443089,21491761,48673,48673,15098,15098,6,18,0.000102,0.000262,0.000108,0.000105,6,18,0.000102,0.000262,0.000108,0.000105,28,54,28,54,0.658537,0.658537,0.052719,0.089302,1.604630,21,0.052346,0.000113,0.000108,0.000105,0.000107
22,23969582,23971740,2159,2159,2159,2159,7,3,0.000677,0.000437,0.000331,0.000199,2,1,0.000618,0.000309,0.000618,0.000309,68,14,3,3,0.170732,0.500000,0.000000,0.000000,1.000000,8,0.000000,0.000463,0.000618,0.000309,0.000463
3,26316193,26317447,1255,1255,1255,1255,6,0,0.000968,0.000000,0.000591,0.000000,6,0,0.001037,NaN,0.000568,NaN,79,3,57,1,0.036585,0.017241,-0.847403,-0.327068,0.713033,6,NA,NA,NA,NA,NA
3,28417060,28417483,424,424,424,424,0,0,0.000000,0.000000,0.000000,0.000000,0,0,0.000000,0.000000,0.000000,0.000000,68,12,4,6,0.150000,0.600000,NA,0.000000,0.000000,0,NA,0.000000,0.000000,0.000000,0.000000
3,75454477,75455715,1239,1239,1239,1239,10,1,0.001642,0.000538,0.000610,0.000538,3,0,0.000780,NaN,0.000683,NaN,77,3,13,1,0.037500,0.071429,-0.222222,-0.153846,0.846154,10,NA,NA,NA,NA,NA
3,131969227,131977820,8594,8594,8594,8594,0,0,0.000000,0.000000,0.000000,0.000000,0,0,0.000000,0.000000,0.000000,0.000000,73,9,73,9,0.109756,0.109756,NA,0.000000,0.000000,0,NA,0.000000,0.000000,0.000000,0.000000
3,162827574,162829855,2282,2282,2282,2282,0,0,0.000000,0.000000,0.000000,0.000000,0,0,0.000000,0.000000,0.000000,0.000000,32,20,13,11,0.384615,0.458333,NA,0.000000,0.000000,0,NA,0.000000,0.000000,0.000000,0.000000
3,195680054,195724206,44153,44153,44153,44153,0,0,NaN,NaN,NaN,NaN,0,0,NaN,NaN,NaN,NaN,1,1,1,1,0.500000,0.500000,NA,0.000000,0.000000,194,NA,NA,NA,NA,NA
3,195692124,195956606,264483,264483,264483,264483,842,594,0.000683,0.000616,0.000582,0.000567,837,589,0.000679,0.000611,0.000577,0.000561,60,22,60,22,0.268293,0.268293,0.279104,58.665668,151.527045,1189,0.280709,0.000791,0.000577,0.000561,0.000569
3,195749463,195980207,230745,230745,230745,230745,632,460,0.000587,0.000547,0.000494,0.000513,632,460,0.000587,0.000547,0.000494,0.000513,60,22,60,22,0.268293,0.268293,0.284849,45.830610,115.064015,864,0.282758,0.000701,0.000494,0.000513,0.000503
4,33098066,33104924,6859,6859,6859,6859,13,0,0.000384,0.000000,0.000163,0.000000,13,0,0.000384,0.000000,0.000163,0.000000,79,3,79,3,0.036585,0.036585,0.442584,0.866357,1.091139,13,0.651928,0.000234,0.000163,0.000000,0.000082
4,40233406,40235439,2034,2034,2034,2034,0,0,0.000000,0.000000,0.000000,0.000000,0,0,0.000000,0.000000,0.000000,0.000000,56,24,27,9,0.300000,0.250000,NA,0.000000,0.000000,0,NA,0.000000,0.000000,0.000000,0.000000
4,49284664,49291017,6354,6354,6354,6354,0,0,0.000000,0.000000,0.000000,0.000000,0,0,0.000000,0.000000,0.000000,0.000000,16,26,5,15,0.619048,0.750000,NA,0.000000,0.000000,0,NA,0.000000,0.000000,0.000000,0.000000
4,49291019,49325004,33986,33986,33986,33986,0,0,0.000000,0.000000,0.000000,0.000000,0,0,0.000000,0.000000,0.000000,0.000000,35,37,32,36,0.513889,0.529412,NA,0.000000,0.000000,0,NA,0.000000,0.000000,0.000000,0.000000
4,87926011,87937547,11537,11537,11537,11537,0,3,0.000000,0.000055,0.000000,0.000008,0,2,0.000000,0.000037,0.000000,0.000005,17,65,17,65,0.792683,0.792683,-0.028266,-0.001353,0.049231,2,0.000000,0.000003,0.000000,0.000005,0.000003
4,145693552,145694748,1197,1197,1197,1197,0,0,0.000000,0.000000,0.000000,0.000000,0,0,0.000000,0.000000,0.000000,0.000000,29,53,9,53,0.646341,0.854839,NA,0.000000,0.000000,0,NA,0.000000,0.000000,0.000000,0.000000
4,156905870,156912808,6939,6939,6939,6939,24,0,0.000697,NaN,0.000143,NaN,24,0,0.000697,NaN,0.000143,NaN,81,1,81,1,0.012195,0.012195,0.340984,0.513580,0.992593,25,NA,NA,NA,NA,NA
4,187950173,187954784,4612,4612,4612,4612,0,0,0.000000,0.000000,0.000000,0.000000,0,0,0.000000,0.000000,0.000000,0.000000,52,30,52,28,0.365854,0.350000,NA,0.000000,0.000000,0,NA,0.000000,0.000000,0.000000,0.000000
5,16978658,16979397,740,740,740,740,7,3,0.001946,0.001946,0.001009,0.001622,1,1,0.000592,0.001351,0.000450,0.001351,73,5,6,2,0.064103,0.250000,-0.090909,-0.037037,0.444444,10,-0.333333,0.000676,0.000450,0.001351,0.000901
5,17580905,17592445,11541,11541,3538,3538,0,0,0.000000,0.000000,0.000000,0.000000,0,0,0.000000,0.000000,0.000000,0.000000,65,13,4,6,0.166667,0.600000,NA,0.000000,0.000000,0,NA,0.000000,0.000000,0.000000,0.000000
5,21479305,21500726,21422,21422,21422,21422,0,0,0.000000,0.000000,0.000000,0.000000,0,0,0.000000,0.000000,0.000000,0.000000,28,2,22,0,0.066667,0.000000,NA,0.000000,0.000000,0,NA,NA,NA,NA,NA
5,29069229,29069523,295,295,295,295,0,0,0.000000,0.000000,0.000000,0.000000,0,0,0.000000,0.000000,0.000000,0.000000,47,35,17,27,0.426829,0.613636,NA,0.000000,0.000000,0,NA,0.000000,0.000000,0.000000,0.000000
5,46896906,46915828,18923,18923,18923,18923,0,0,0.000000,0.000000,0.000000,0.000000,0,0,0.000000,0.000000,0.000000,0.000000,20,62,0,22,0.756098,1.000000,NA,0.000000,0.000000,0,NA,NA,NA,NA,NA
5,47061568,47082062,20495,20495,13481,13481,0,0,0.000000,0.000000,0.000000,0.000000,0,0,0.000000,0.000000,0.000000,0.000000,46,26,2,2,0.361111,0.500000,NA,0.000000,0.000000,0,NA,0.000000,0.000000,0.000000,0.000000
5,47105115,47151367,46253,46253,46153,46153,0,0,0.000000,0.000000,0.000000,0.000000,0,0,0.000000,0.000000,0.000000,0.000000,8,46,3,29,0.851852,0.906250,NA,0.000000,0.000000,0,NA,0.000000,0.000000,0.000000,0.000000
5,64470920,64477089,6170,6170,6170,6170,0,0,0.000000,0.000000,0.000000,0.000000,0,0,0.000000,0.000000,0.000000,0.000000,22,60,22,60,0.731707,0.731707,NA,0.000000,0.000000,0,NA,0.000000,0.000000,0.000000,0.000000
5,64470928,64475118,4191,4191,4191,4191,0,0,0.000000,0.000000,0.000000,0.000000,0,0,0.000000,0.000000,0.000000,0.000000,21,61,20,58,0.743902,0.743590,NA,0.000000,0.000000,0,NA,0.000000,0.000000,0.000000,0.000000
5,71009586,71093997,84412,84412,5640,5640,9,3,0.000472,0.000355,0.000344,0.000355,5,0,0.000388,0.000000,0.000366,0.000000,17,3,6,0,0.150000,0.000000,NA,0.000000,0.000000,22,NA,NA,NA,NA,NA
5,112179911,112236600,56690,56690,56690,56690,269,0,0.000956,NaN,0.000718,NaN,269,0,0.000956,NaN,0.000718,NaN,81,1,81,1,0.012195,0.012195,0.022621,0.941975,40.700000,270,NA,NA,NA,NA,NA
5,124425560,124546657,121098,121098,121098,121098,630,0,0.001048,NaN,0.001002,NaN,630,0,0.001048,NaN,0.001002,NaN,81,1,81,1,0.012195,0.012195,0.067516,8.782099,121.291975,646,NA,NA,NA,NA,NA
5,177946129,178003952,57824,57824,57824,57824,317,0,0.001104,NaN,0.001059,NaN,315,0,0.001097,NaN,0.001044,NaN,81,1,81,1,0.012195,0.012195,0.249900,20.121605,60.396914,317,NA,NA,NA,NA,NA
5,179643529,179651253,7725,7725,7725,7725,0,36,NaN,0.000939,NaN,0.000558,0,36,NaN,0.000943,NaN,0.000567,1,81,1,79,0.987805,0.987500,-0.539145,-1.535540,4.383642,43,NA,NA,NA,NA,NA
5,181098775,181100846,2072,2072,2072,2072,0,0,0.000000,0.000000,0.000000,0.000000,0,0,0.000000,0.000000,0.000000,0.000000,60,20,42,16,0.250000,0.275862,NA,0.000000,0.000000,0,NA,0.000000,0.000000,0.000000,0.000000
6,76109081,76158474,49394,49394,49394,49394,167,1,0.000684,0.000013,0.000375,0.000013,167,1,0.000684,0.000013,0.000375,0.000013,79,3,79,3,0.036585,0.036585,0.666006,36.027418,18.067300,193,0.802327,0.000982,0.000375,0.000013,0.000194
6,89213914,89214230,317,317,317,317,0,0,0.000000,0.000000,0.000000,0.000000,0,0,0.000000,0.000000,0.000000,0.000000,38,44,17,33,0.536585,0.660000,NA,0.000000,0.000000,0,NA,0.000000,0.000000,0.000000,0.000000
6,94031360,94031695,336,336,336,336,0,0,0.000000,0.000000,0.000000,0.000000,0,0,0.000000,0.000000,0.000000,0.000000,34,48,12,40,0.585366,0.769231,NA,0.000000,0.000000,0,NA,0.000000,0.000000,0.000000,0.000000
6,123106049,123109821,3773,3773,3773,3773,15,0,0.000805,0.000000,0.000382,0.000000,15,0,0.000813,0.000000,0.000362,0.000000,79,3,75,3,0.036585,0.038462,-0.109603,-0.131425,1.330526,15,0.116496,0.000205,0.000362,0.000000,0.000181
6,130527041,130531150,4110,4110,4110,4110,9,5,0.000454,0.000403,0.000190,0.000281,0,0,0.000000,0.000000,0.000000,0.000000,70,12,70,12,0.146341,0.146341,NA,0.000000,0.000000,0,NA,0.000000,0.000000,0.000000,0.000000
6,141866310,141898728,32419,32419,32419,32419,147,1,0.000920,0.000017,0.000624,0.000015,147,1,0.000920,0.000017,0.000624,0.000015,78,4,78,4,0.048780,0.048780,0.557268,24.521488,19.481571,151,0.721864,0.001149,0.000624,0.000015,0.000320
6,167209001,167357782,148782,148782,148782,148782,973,10,0.001320,0.000067,0.001306,0.000067,972,10,0.001319,0.000067,0.001303,0.000067,80,2,80,2,0.024390,0.024390,0.492460,185.869541,191.560938,1078,0.694066,0.002239,0.001303,0.000067,0.000685
7,5989046,6735643,746598,746598,746598,746598,2915,1462,0.000803,0.000720,0.000612,0.000671,2913,1460,0.000803,0.000720,0.000612,0.000671,73,9,73,9,0.109756,0.109756,0.046770,22.620760,461.039193,3336,0.040980,0.000668,0.000612,0.000671,0.000641
7,33990735,34010143,19409,19409,19409,19409,74,0,0.000768,NaN,0.000377,NaN,72,0,0.000747,NaN,0.000359,NaN,81,1,81,1,0.012195,0.012195,0.381086,4.290741,6.968519,72,NA,NA,NA,NA,NA
7,40839776,40840871,1096,1096,1096,1096,0,0,0.000000,0.000000,0.000000,0.000000,0,0,0.000000,0.000000,0.000000,0.000000,40,40,20,34,0.500000,0.629630,NA,0.000000,0.000000,0,NA,0.000000,0.000000,0.000000,0.000000
7,47614508,47615262,755,755,755,755,8,5,0.002226,0.002082,0.002694,0.003264,0,0,0.000000,0.000000,0.000000,0.000000,66,14,19,7,0.175000,0.269231,NA,0.000000,0.000000,0,NA,0.000000,0.000000,0.000000,0.000000
7,54234014,54308393,74380,74380,74380,74380,168,269,0.000570,0.000800,0.000497,0.000306,168,269,0.000570,0.000800,0.000497,0.000306,30,52,30,52,0.634146,0.634146,0.384509,17.449712,27.932083,351,0.367324,0.000635,0.000497,0.000306,0.000402
7,57641572,57838971,197400,197400,182317,182317,584,272,0.000663,0.000549,0.000457,0.000549,581,272,0.000659,0.000549,0.000454,0.000549,71,9,71,9,0.112500,0.112500,0.060825,5.472063,84.492516,704,0.048122,0.000527,0.000454,0.000549,0.000501
7,57835188,58119653,284466,284466,264986,264986,383,0,0.000291,NaN,0.000125,NaN,383,0,0.000291,NaN,0.000125,NaN,81,1,81,1,0.012195,0.012195,0.339429,16.967284,33.020370,432,NA,NA,NA,NA,NA
7,60911891,61578023,666133,666133,566085,566085,429,679,0.000178,0.000279,0.000106,0.000168,421,672,0.000175,0.000276,0.000101,0.000163,40,42,40,42,0.512195,0.512195,0.060830,4.871828,75.217202,1008,0.061418,0.000141,0.000101,0.000163,0.000132
7,62290674,62363143,72470,72470,72470,72470,46,58,0.000146,0.000196,0.000066,0.000103,38,53,0.000121,0.000179,0.000055,0.000095,44,34,44,34,0.435897,0.435897,0.051475,0.283995,5.233148,66,0.048121,0.000079,0.000055,0.000095,0.000075
7,62408486,62456444,47959,47959,47959,47959,232,212,0.001192,0.001001,0.000646,0.000620,232,212,0.001192,0.001001,0.000646,0.000620,33,47,33,47,0.587500,0.587500,0.009767,0.298477,30.260146,341,0.009545,0.000639,0.000646,0.000620,0.000633
7,63356275,63388165,31891,31891,31891,31891,1,0,0.000007,0.000000,0.000004,0.000000,1,0,0.000007,0.000000,0.000004,0.000000,46,32,46,32,0.410256,0.410256,0.030199,0.002298,0.073799,1,0.044444,0.000002,0.000004,0.000000,0.000002
7,65219157,65531823,312667,312667,301809,301809,996,475,0.000724,0.000412,0.000700,0.000242,995,474,0.000723,0.000412,0.000699,0.000241,54,26,54,26,0.325000,0.325000,0.374932,100.032927,166.770180,1172,0.416719,0.000806,0.000699,0.000241,0.000470
7,67019303,67020338,1036,1036,1036,1036,1,1,0.000199,0.000355,0.000320,0.000483,1,1,0.000250,0.000463,0.000303,0.000579,73,9,27,5,0.109756,0.156250,0.012564,0.004474,0.351605,2,-0.044980,0.000422,0.000303,0.000579,0.000441
7,70961198,70973901,12704,12704,12704,12704,25,1,0.000497,0.000017,0.000568,0.000006,25,1,0.000497,0.000017,0.000568,0.000006,30,52,30,52,0.634146,0.634146,0.329450,1.309222,2.664744,26,0.256512,0.000386,0.000568,0.000006,0.000287
7,73113989,74799029,1685041,1685041,1450692,1450692,3105,684,0.000436,0.000314,0.000293,0.000314,3094,682,0.000434,0.000313,0.000292,0.000313,77,3,77,3,0.037500,0.037500,0.053179,23.832224,424.314796,3317,0.041013,0.000316,0.000292,0.000313,0.000303
7,74869950,75058098,188149,188149,79037,79037,163,52,0.000425,0.000254,0.000277,0.000240,163,52,0.000425,0.000254,0.000277,0.000240,72,8,72,8,0.100000,0.100000,-0.005088,-0.109657,21.662393,186,0.002786,0.000259,0.000277,0.000240,0.000259
7,76603963,76620409,16447,16447,1932,1932,0,0,NaN,NaN,NaN,NaN,0,0,NaN,NaN,NaN,NaN,1,1,1,1,0.500000,0.500000,NA,0.000000,0.000000,24,NA,NA,NA,NA,NA
7,97445822,97459601,13780,13780,13780,13780,52,0,0.000760,NaN,0.000551,NaN,52,0,0.000760,NaN,0.000551,NaN,81,1,81,1,0.012195,0.012195,-0.137708,-0.919753,7.598765,52,NA,NA,NA,NA,NA
7,107418983,107422332,3350,3350,3350,3350,0,0,NaN,0.000000,NaN,0.000000,0,0,0.000000,0.000000,0.000000,0.000000,1,71,0,62,0.986111,1.000000,NA,0.000000,0.000000,0,NA,NA,NA,NA,NA
7,143716562,143750998,34437,34437,14215,14215,48,31,0.000744,0.000566,0.000498,0.000635,48,31,0.000744,0.000566,0.000498,0.000635,53,27,53,27,0.337500,0.337500,0.357580,4.298007,7.721694,58,0.347231,0.000867,0.000498,0.000635,0.000566
7,144254564,144256766,2203,2203,1627,1627,0,0,0.000000,0.000000,0.000000,0.000000,0,0,0.000000,0.000000,0.000000,0.000000,18,54,7,27,0.750000,0.794118,NA,0.000000,0.000000,0,NA,0.000000,0.000000,0.000000,0.000000
8,2343351,2378385,35035,35035,35035,35035,213,283,0.001429,0.001877,0.001100,0.001839,213,283,0.001429,0.001877,0.001100,0.001839,40,42,40,42,0.512195,0.512195,0.065418,3.626371,51.807798,312,0.066066,0.001573,0.001100,0.001839,0.001470
8,7301024,12598379,5297356,5297356,4348431,4348431,17732,19069,0.000953,0.001025,0.000797,0.000872,17717,19055,0.000952,0.001024,0.000796,0.000871,41,41,41,41,0.500000,0.500000,0.159087,685.606306,3624.019512,25021,0.159087,0.000991,0.000796,0.000871,0.000833
8,12369152,12394133,24982,24982,24982,24982,0,0,0.000000,0.000000,0.000000,0.000000,0,0,0.000000,0.000000,0.000000,0.000000,37,11,36,10,0.229167,0.217391,NA,0.000000,0.000000,0,NA,0.000000,0.000000,0.000000,0.000000
8,85741974,85762792,20819,20819,11181,11181,0,0,0.000000,0.000000,0.000000,0.000000,0,0,0.000000,0.000000,0.000000,0.000000,46,32,0,2,0.410256,1.000000,NA,0.000000,0.000000,0,NA,NA,NA,NA,NA
8,102423403,102423638,236,236,236,236,0,0,0.000000,0.000000,0.000000,0.000000,0,0,0.000000,0.000000,0.000000,0.000000,55,27,16,26,0.329268,0.619048,NA,0.000000,0.000000,0,NA,0.000000,0.000000,0.000000,0.000000
8,102880337,102881094,758,758,758,758,1,1,0.000268,0.000880,0.000398,0.000880,1,0,0.000450,NaN,0.000432,NaN,77,3,11,1,0.037500,0.083333,-0.800000,-0.145455,0.327273,1,NA,NA,NA,NA,NA
9,12004038,12074552,70515,70515,70515,70515,518,3,0.001491,0.000043,0.001024,0.000043,518,3,0.001491,0.000043,0.001024,0.000043,78,2,78,2,0.025000,0.025000,0.048271,3.617281,71.319527,519,0.354945,0.000827,0.001024,0.000043,0.000533
9,30952354,30956484,4131,4131,4131,4131,21,0,0.001024,NaN,0.000900,NaN,21,0,0.001034,NaN,0.000910,NaN,81,1,77,1,0.012195,0.012821,-0.292528,-0.850991,3.760082,24,NA,NA,NA,NA,NA
9,38773640,42796744,4023105,4023105,767078,767078,0,26,NaN,0.000023,NaN,0.000023,0,26,NaN,0.000023,NaN,0.000023,1,3,1,3,0.750000,0.750000,-0.040000,-0.666667,17.333333,329,NA,NA,NA,NA,NA
9,85797070,85801040,3971,3971,3971,3971,20,0,0.001014,NaN,0.000664,NaN,20,0,0.001019,NaN,0.000670,NaN,81,1,79,1,0.012195,0.012500,0.661885,5.211295,2.662123,20,NA,NA,NA,NA,NA
9,87942696,88110274,167579,167579,167578,167578,814,0,0.000978,NaN,0.000787,NaN,813,0,0.000977,NaN,0.000787,NaN,81,1,81,1,0.012195,0.012195,0.120798,18.109259,131.804321,816,NA,NA,NA,NA,NA
9,91958957,91959591,635,635,635,635,0,0,0.000000,0.000000,0.000000,0.000000,0,0,0.000000,0.000000,0.000000,0.000000,74,8,8,2,0.097561,0.200000,NA,0.000000,0.000000,0,NA,0.000000,0.000000,0.000000,0.000000
9,102565838,102570277,4440,4440,4440,4440,0,0,0.000000,0.000000,0.000000,0.000000,0,0,0.000000,0.000000,0.000000,0.000000,76,6,72,6,0.073171,0.076923,NA,0.000000,0.000000,0,NA,0.000000,0.000000,0.000000,0.000000
9,113111686,113112886,1201,1201,1201,1201,0,0,0.000000,0.000000,0.000000,0.000000,0,0,0.000000,0.000000,0.000000,0.000000,32,48,23,41,0.600000,0.640625,NA,0.000000,0.000000,0,NA,0.000000,0.000000,0.000000,0.000000
9,123979106,123991038,11933,11933,11933,11933,4,1,0.000079,0.000019,0.000038,0.000004,4,1,0.000079,0.000019,0.000038,0.000004,39,43,39,43,0.524390,0.524390,0.102863,0.027642,0.241085,4,0.097487,0.000023,0.000038,0.000004,0.000021
X,6219005,6220343,1339,1339,1339,1339,0,0,0.000000,0.000000,0.000000,0.000000,0,0,0.000000,0.000000,0.000000,0.000000,20,28,13,15,0.500000,0.675000,NA,0.000000,0.000000,1,NA,0.000000,0.000000,0.000000,0.000000
X,14711416,14713197,1782,1782,1782,1782,3,3,0.000381,0.001122,0.000767,0.001122,3,0,0.000403,NaN,0.000747,NaN,47,3,37,1,0.037500,0.017857,-0.367284,-0.357357,1.330330,4,NA,NA,NA,NA,NA
X,45689038,45691227,2190,2190,2190,2190,5,0,0.000514,0.000000,0.000619,0.000000,5,0,0.000525,0.000000,0.000608,0.000000,48,2,44,2,0.024390,0.028571,-0.047035,-0.058426,1.300620,5,0.285876,0.000425,0.000608,0.000000,0.000304
X,48396314,48399110,2797,2797,2797,2797,0,0,0.000000,0.000000,0.000000,0.000000,0,0,0.000000,0.000000,0.000000,0.000000,39,7,18,2,0.328947,0.266667,NA,0.000000,0.000000,0,NA,0.000000,0.000000,0.000000,0.000000
X,51692963,51700363,7401,7401,7401,7401,3,12,0.000125,0.000394,0.000193,0.000198,3,12,0.000125,0.000394,0.000193,0.000198,15,35,15,35,0.670732,0.670732,-0.000109,-0.000159,1.454762,13,0.000387,0.000196,0.000193,0.000198,0.000196
X,52077120,52176974,99855,99855,99855,99855,375,328,0.000956,0.000913,0.000926,0.000699,375,328,0.000956,0.000913,0.000926,0.000699,29,21,29,21,0.353659,0.353659,-0.010284,-0.845361,83.046388,422,-0.008618,0.000806,0.000926,0.000699,0.000813
X,52502274,52510614,8341,8341,8341,8341,0,0,0.000000,0.000000,0.000000,0.000000,0,0,0.000000,0.000000,0.000000,0.000000,13,37,13,37,0.792683,0.792683,NA,0.000000,0.000000,0,NA,0.000000,0.000000,0.000000,0.000000
X,52921572,52934581,13010,13010,13010,13010,0,0,0.000000,0.000000,0.000000,0.000000,0,0,0.000000,0.000000,0.000000,0.000000,20,30,20,30,0.615385,0.615385,NA,0.000000,0.000000,0,NA,0.000000,0.000000,0.000000,0.000000
X,55480141,55493063,12923,12923,12923,12923,0,0,0.000000,0.000000,0.000000,0.000000,0,0,0.000000,0.000000,0.000000,0.000000,29,21,29,21,0.451220,0.451220,NA,0.000000,0.000000,0,NA,0.000000,0.000000,0.000000,0.000000
X,63185600,63193343,7744,7744,7744,7744,0,0,0.000000,0.000000,0.000000,0.000000,0,0,0.000000,0.000000,0.000000,0.000000,26,24,26,24,0.425000,0.425000,NA,0.000000,0.000000,0,NA,0.000000,0.000000,0.000000,0.000000
X,71702806,71778386,75581,75581,75581,75581,0,0,0.000000,0.000000,0.000000,0.000000,0,0,0.000000,0.000000,0.000000,0.000000,24,20,0,0,0.419355,1.000000,NA,0.000000,0.000000,0,NA,NA,NA,NA,NA
X,72997772,73077479,79708,79708,79708,79708,162,108,0.000472,0.000523,0.000453,0.000400,162,108,0.000472,0.000523,0.000453,0.000400,42,8,42,8,0.195122,0.195122,0.086413,3.358967,35.512153,217,0.095182,0.000472,0.000453,0.000400,0.000427
X,76146153,76148949,2797,2797,2797,2797,0,0,0.000000,0.000000,0.000000,0.000000,0,0,0.000000,0.000000,0.000000,0.000000,18,32,18,28,0.536585,0.555556,NA,0.000000,0.000000,0,NA,0.000000,0.000000,0.000000,0.000000
X,101602193,101611599,9407,9407,9407,9407,5,6,0.000141,0.000169,0.000082,0.000112,5,6,0.000141,0.000169,0.000082,0.000112,25,25,25,25,0.573171,0.573171,0.359334,0.512267,0.913333,9,0.359334,0.000152,0.000082,0.000112,0.000097
X,102338170,102348934,10765,10765,10765,10765,0,0,0.000000,0.000000,0.000000,0.000000,0,0,0.000000,0.000000,0.000000,0.000000,24,26,24,26,0.560976,0.560976,NA,0.000000,0.000000,0,NA,0.000000,0.000000,0.000000,0.000000
X,103989434,104049428,59995,59995,59995,59995,65,63,0.000297,0.000270,0.000252,0.000305,65,63,0.000297,0.000270,0.000252,0.000305,22,28,22,28,0.625000,0.625000,0.335661,8.550534,16.923160,96,0.338745,0.000422,0.000252,0.000305,0.000279
X,106266279,106275333,9055,9055,9055,9055,0,1,0.000000,0.000033,0.000000,0.000013,0,1,0.000000,0.000037,0.000000,0.000018,33,17,6,12,0.397436,0.812500,-0.068826,-0.007378,0.114583,1,-0.000000,0.000009,0.000000,0.000018,0.000009
X,112504686,112516959,12274,12274,12274,12274,73,0,0.001334,NaN,0.000753,NaN,73,0,0.001334,NaN,0.000753,NaN,49,1,49,1,0.012500,0.012500,-0.040805,-0.362245,9.239796,75,NA,NA,NA,NA,NA
X,120087101,120149199,62099,62099,62099,62099,182,89,0.000712,0.000441,0.000411,0.000336,182,89,0.000712,0.000441,0.000411,0.000336,35,15,35,15,0.256098,0.256098,0.278160,9.311958,24.165079,224,0.288412,0.000525,0.000411,0.000336,0.000374
X,135165183,135207322,42140,42140,42140,42140,39,46,0.000234,0.000308,0.000108,0.000228,39,46,0.000234,0.000308,0.000108,0.000228,30,20,30,20,0.390244,0.390244,0.318173,3.051684,6.539583,65,0.298563,0.000239,0.000108,0.000228,0.000168
X,135623647,135665679,42033,42033,42033,42033,85,35,0.000458,0.000555,0.000248,0.000555,85,35,0.000458,0.000555,0.000248,0.000555,47,3,47,3,0.060976,0.060976,0.053904,0.624537,10.961584,87,-0.092686,0.000367,0.000248,0.000555,0.000402
X,135734732,135748584,13853,13853,13853,13853,37,24,0.000636,0.000612,0.000423,0.000626,37,24,0.000636,0.000612,0.000423,0.000626,38,10,38,10,0.225000,0.225000,-0.002128,-0.013604,6.406178,43,-0.016717,0.000516,0.000423,0.000626,0.000524
X,135765135,135776630,11496,11496,11496,11496,0,0,NaN,0.000000,NaN,0.000000,0,0,NaN,0.000000,NaN,0.000000,1,3,1,3,0.900000,0.900000,NA,0.000000,0.000000,0,NA,NA,NA,NA,NA
X,141110160,141232877,122718,122718,122718,122718,414,185,0.000776,0.000660,0.000614,0.000643,414,185,0.000776,0.000660,0.000614,0.000643,44,6,44,6,0.121951,0.121951,0.003152,0.239485,75.730429,455,-0.000230,0.000628,0.000614,0.000643,0.000628
X,141585256,141589189,3934,3934,3934,3934,8,6,0.000613,0.000430,0.000487,0.000480,2,4,0.000339,0.000678,0.000339,0.000678,16,20,3,3,0.600000,0.700000,-0.125000,-0.222222,2.000000,20,-0.125000,0.000452,0.000339,0.000678,0.000508
X,149599490,149655967,56478,56478,56478,56478,97,8,0.000387,0.000142,0.000192,0.000142,97,8,0.000387,0.000142,0.000192,0.000142,48,2,48,2,0.073171,0.073171,-0.135735,-1.285907,10.759549,102,-0.067703,0.000156,0.000192,0.000142,0.000167
X,149681035,149722249,41215,41215,41215,41215,93,90,0.000636,0.000551,0.000476,0.000514,93,90,0.000636,0.000551,0.000476,0.000514,20,30,20,30,0.609756,0.609756,0.135243,3.215318,20.559028,138,0.136676,0.000573,0.000476,0.000514,0.000495
X,149747302,149768782,21481,21481,21481,21481,5,1,0.000052,0.000047,0.000047,0.000047,5,1,0.000052,0.000047,0.000047,0.000047,48,2,48,2,0.073171,0.073171,0.242539,0.324092,1.012153,6,0.245346,0.000062,0.000047,0.000047,0.000047
X,152729753,152738707,8955,8955,8955,8955,37,34,0.001106,0.001017,0.001268,0.001296,37,34,0.001106,0.001017,0.001268,0.001296,24,24,24,24,0.400000,0.410256,0.245769,3.741999,11.483696,44,0.245769,0.001700,0.001268,0.001296,0.001282
X,153074418,153075612,1195,1195,1195,1195,0,0,0.000000,0.000000,0.000000,0.000000,0,0,0.000000,0.000000,0.000000,0.000000,26,24,17,17,0.487179,0.553571,NA,0.000000,0.000000,0,NA,0.000000,0.000000,0.000000,0.000000
X,153149748,153250226,100479,100479,100479,100479,216,170,0.000582,0.000439,0.000530,0.000517,216,170,0.000582,0.000439,0.000530,0.000517,23,27,23,27,0.597561,0.597561,0.008915,0.472888,52.568438,258,0.008826,0.000528,0.000530,0.000517,0.000524
X,154347246,154384867,37622,37622,37622,37622,29,46,0.000196,0.000340,0.000070,0.000330,29,46,0.000196,0.000340,0.000070,0.000330,29,21,29,21,0.448718,0.448718,0.433461,5.128752,6.703339,54,0.402375,0.000334,0.000070,0.000330,0.000200
X,154591327,154613096,21770,21770,21770,21770,19,30,0.000215,0.000408,0.000102,0.000364,19,30,0.000215,0.000408,0.000102,0.000364,33,17,33,17,0.426829,0.426829,0.187492,0.951168,4.121955,36,0.146115,0.000273,0.000102,0.000364,0.000233
X,155386727,155453982,67256,67256,67256,67256,71,54,0.000244,0.000328,0.000270,0.000317,71,54,0.000244,0.000328,0.000270,0.000317,43,7,43,7,0.158537,0.158537,-0.017839,-0.325086,18.548450,106,-0.027019,0.000286,0.000270,0.000317,0.000294
