date_left	date_right	date_center	date_mean	num_allele	num_alt_allele	af	af_low	af_up	date_normalized	pt	pt_low	pt_up
0	0.0	0.0	0.0	12876	5724.0	0.4445479962721342	0.436	0.4531	-0.0	0.4397783646492351	0.4275785651554767	0.4511829981873763
1	999.0	500.0	654.1325203252032	4920	2197.0	0.44654471544715446	0.43270000000000003	0.46040000000000003	-8.620689655172415	0.44915971132244115	0.43661931224170014	0.4609096697025603
100	1100.0	600.0	760.9967203339296	6708	3006.0	0.4481216457960644	0.43620000000000003	0.46	-10.344827586206897	0.4510405483265211	0.4381592082752638	0.46337575699805106
200	1200.0	700.0	821.0599895670318	7668	3438.0	0.44835680751173707	0.4373	0.4595	-12.068965517241379	0.4529227853567953	0.43975339974241257	0.4657235504338172
300	1300.0	800.0	924.8694491628246	8242	3701.0	0.4490414947828197	0.4383	0.4597	-13.793103448275861	0.45480636957230464	0.4412477230593251	0.46778351246997596
400	1400.0	900.0	994.965183306433	8674	3898.0	0.4493889785566059	0.4389	0.45980000000000004	-15.517241379310345	0.4566912479785755	0.44257389027340766	0.4702237023054123
500	1500.0	1000.0	1042.6762605496647	9242	4139.0	0.44784678640986797	0.43770000000000003	0.45790000000000003	-17.24137931034483	0.4585773674335032	0.44405166896366033	0.47272281649439507
600	1600.0	1100.0	1121.9754588574963	9698	4359.0	0.4494741183749227	0.43960000000000005	0.45940000000000003	-18.96551724137931	0.46046467465327073	0.44551494971463573	0.474944626847934
700	1700.0	1200.0	1189.2496488059403	9966	4486.0	0.45013044350792697	0.4404	0.45990000000000003	-20.689655172413794	0.46235311621830144	0.44657850197070525	0.4775090578946343
800	1800.0	1300.0	1272.2205910031996	10626	4808.0	0.45247506117071334	0.443	0.46190000000000003	-22.413793103448278	0.46424263857924475	0.4476349390071236	0.4801595080634583
900	1900.0	1400.0	1361.6211040945202	9818	4486.0	0.45691586881238544	0.4471	0.46680000000000005	-24.137931034482758	0.46613318806299286	0.44868323161764573	0.4824683819294331
1000	2000.0	1500.0	1419.916103726302	9178	4175.0	0.4548921333623883	0.44470000000000004	0.465	-25.862068965517242	0.4680247108787288	0.45007550007890007	0.484878040691845
1100	2100.0	1600.0	1504.4632139399807	8264	3766.0	0.4557115198451113	0.445	0.46640000000000004	-27.586206896551722	0.4699171531240012	0.45130858542305163	0.4875163967221673
1200	2200.0	1700.0	1587.199393479909	7914	3630.0	0.4586808188021228	0.44770000000000004	0.4696	-29.310344827586206	0.47181046079082767	0.4524512492280306	0.48999437448070465
1300	2300.0	1800.0	1742.552222817354	7468	3460.0	0.4633101231922871	0.452	0.4746	-31.03448275862069	0.4737045797718237	0.4535686558307243	0.4925152045770212
1400	2400.0	1900.0	1859.639025804581	6898	3246.0	0.47057118005218906	0.45880000000000004	0.4823	-32.758620689655174	0.4755994558663542	0.4548486352003696	0.49537258544879953
1500	2500.0	2000.0	1969.272114821324	6828	3239.0	0.4743702401874634	0.4626	0.4862	-34.48275862068966	0.47749503478671046	0.4558455708003189	0.49823292724029544
1600	2600.0	2100.0	2121.1909385113267	7416	3528.0	0.47572815533980584	0.46440000000000003	0.48710000000000003	-36.206896551724135	0.47939126216430616	0.45683443065720947	0.5009225004726113
1700	2700.0	2200.0	2210.0677966101694	7080	3389.0	0.4786723163841808	0.4671	0.4903	-37.93103448275862	0.4812880835558934	0.45782068457929453	0.5034913103680366
1800	2800.0	2300.0	2298.499376169682	6412	3064.0	0.4778540237055521	0.4657	0.49010000000000004	-39.6551724137931	0.483185444449799	0.4588072693556405	0.5060439068951686
1900	2900.0	2400.0	2407.424686940966	5590	2686.0	0.4805008944543828	0.4675	0.49360000000000004	-41.37931034482759	0.48508329027217395	0.4598007272054116	0.5085075006795311
2000	3000.0	2500.0	2441.2708638360177	5464	2632.0	0.4816983894582723	0.4685	0.4949	-43.10344827586207	0.4869815663932618	0.4607955700935159	0.5109706813446553
2100	3100.0	2600.0	2499.7052474879047	5374	2597.0	0.4832526981764049	0.46990000000000004	0.49660000000000004	-44.827586206896555	0.4888802181336782	0.4617890661152982	0.5135443029785718
2200	3200.0	2700.0	2548.57859922179	5140	2477.0	0.4819066147859922	0.46830000000000005	0.49560000000000004	-46.55172413793103	0.49077919077070364	0.46291535744636503	0.5161630059956296
2300	3300.0	2800.0	2654.481890459364	4528	2177.0	0.48078621908127206	0.4662	0.4953	-48.275862068965516	0.4926784295445868	0.46413596532407014	0.5189985939912266
2400	3400.0	2900.0	2726.1496861419605	4142	1994.0	0.48140994688556255	0.4662	0.49660000000000004	-50.0	0.4945778796648561	0.4652872155376662	0.5217237131278757
2500	3500.0	3000.0	2824.89564281872	3718	1799.0	0.48386229155459926	0.46780000000000005	0.4999	-51.724137931034484	0.4964774863166405	0.4664393422217886	0.5243827056292573
2600	3600.0	3100.0	3004.145506419401	2804	1372.0	0.4893009985734665	0.4708	0.5078	-53.44827586206897	0.49837719466699465	0.46759182709750363	0.5268175622184164
2700	3700.0	3200.0	3198.5716878402905	2204	1084.0	0.49183303085299457	0.47100000000000003	0.5127	-55.172413793103445	0.500276949871229	0.4687691711194441	0.529555657664107
2800	3800.0	3300.0	3326.886200716846	2232	1117.0	0.5004480286738351	0.4797	0.5211	-56.89655172413793	0.5021766970792431	0.47002193564955186	0.5325980464650905
2900	3900.0	3400.0	3451.770850884583	2374	1201.0	0.5058972198820556	0.4858	0.526	-58.62068965517241	0.50407638144186	0.47127507809466757	0.5353223495396191
3000	4000.0	3500.0	3550.8423457730387	2626	1334.0	0.507996953541508	0.4889	0.5271	-60.3448275862069	0.5059759481171605	0.47242364469266396	0.5380392837583622
3100	4100.0	3600.0	3626.198198198198	2664	1368.0	0.5135135135135135	0.49460000000000004	0.5325	-62.06896551724138	0.5078753422768153	0.4734773807141372	0.5407486740168967
3200	4200.0	3700.0	3714.056402439024	2624	1353.0	0.515625	0.4965	0.5347000000000001	-63.793103448275865	0.5097745091124142	0.4745343281600106	0.5436983451523077
3300	4300.0	3800.0	3809.6383476227593	2566	1340.0	0.5222135619641465	0.5029	0.5415	-65.51724137931035	0.5116733938417902	0.47559340744600326	0.5464584460795981
3400	4400.0	3900.0	3894.9498069498068	2590	1377.0	0.5316602316602317	0.5125000000000001	0.5509000000000001	-67.24137931034483	0.5135719417153378	0.47658599097607396	0.5490926413991778
3500	4500.0	4000.0	3982.0086139389196	2554	1360.0	0.5324980422866092	0.5131	0.5518000000000001	-68.96551724137932	0.5154700980223216	0.47777377428739387	0.5518742964529016
3600	4600.0	4100.0	4054.0663430420714	2472	1343.0	0.5432847896440129	0.5237	0.5629000000000001	-70.6896551724138	0.5173678080971775	0.47904731040993864	0.5545681579728107
3700	4700.0	4200.0	4127.384615384615	2444	1345.0	0.5503273322422259	0.5306000000000001	0.5700000000000001	-72.41379310344827	0.5192650173258017	0.479931317018636	0.5572303053280883
3800	4800.0	4300.0	4245.075062552127	2398	1334.0	0.5562969140950792	0.5364	0.5761000000000001	-74.13793103448276	0.5211616711518268	0.48069349759251045	0.5598891683801642
3900	4900.0	4400.0	4343.729076790337	2318	1311.0	0.5655737704918032	0.5454	0.5857	-75.86206896551724	0.5230577150828848	0.4815515270873564	0.5625445988426323
4000	5000.0	4500.0	4483.704854368932	2060	1199.0	0.5820388349514564	0.5608000000000001	0.6033000000000001	-77.58620689655173	0.5249530946968535	0.4825451032484718	0.5651964492107624
4100	5100.0	4600.0	4584.546006066734	1978	1153.0	0.582912032355915	0.5612	0.6046	-79.3103448275862	0.526847755648086	0.4835388174480764	0.5678408936638263
4200	5200.0	4700.0	4697.402332361516	2058	1200.0	0.5830903790087464	0.5618000000000001	0.6044	-81.03448275862068	0.5287416436736221	0.4845397183865993	0.570478097849428
4300	5300.0	4800.0	4758.54356846473	1928	1137.0	0.5897302904564315	0.5678000000000001	0.6117	-82.75862068965517	0.5306347045993784	0.4855408145860124	0.5731113072764568
4400	5400.0	4900.0	4845.466821885914	1718	1004.0	0.5844004656577415	0.5611	0.6077	-84.48275862068965	0.5325268843463179	0.4865420268232416	0.5757403790766513
4500	5500.0	5000.0	4945.262701363073	1614	942.0	0.5836431226765799	0.5596	0.6076	-86.20689655172414	0.5344181289365953	0.4875433470754218	0.5783866415898139
4600	5600.0	5100.0	5039.585247883918	1654	948.0	0.5731559854897219	0.5494	0.597	-87.93103448275862	0.5363083844996788	0.4885447673162207	0.581042430951834
4700	5700.0	5200.0	5124.3778337531485	1588	906.0	0.570528967254408	0.5462	0.5948	-89.65517241379311	0.5381975972784443	0.4895462795160969	0.5836935321905323
4800	5800.0	5300.0	5261.9986282578875	1458	824.0	0.5651577503429356	0.5398000000000001	0.5906	-91.37931034482759	0.5400857136352443	0.49054787564255714	0.5863398006151507
4900	5900.0	5400.0	5381.04802259887	1416	794.0	0.5607344632768362	0.5349	0.5865	-93.10344827586206	0.5419726800579452	0.4915495476604131	0.588981092635269
5000	6000.0	5500.0	5493.252941176471	1360	758.0	0.5573529411764706	0.531	0.5837	-94.82758620689656	0.543858443165936	0.4925512875320397	0.5916172657903082
5100	6100.0	5600.0	5602.85590778098	1388	757.0	0.5453890489913544	0.5192	0.5715	-96.55172413793103	0.5457429497161046	0.49355308721763314	0.5942157996033015
5200	6200.0	5700.0	5739.994983277592	1196	649.0	0.5426421404682275	0.5144000000000001	0.5708	-98.27586206896552	0.5476261466087802	0.49455493867546835	0.5967308618863771
5300	6300.0	5800.0	5793.338842975207	1210	647.0	0.5347107438016528	0.5066	0.5628000000000001	-100.0	0.5495079808936427	0.4955568338621571	0.5992408488191844
5400	6400.0	5900.0	5863.63201320132	1212	650.0	0.5363036303630363	0.5083	0.5644	-101.72413793103448	0.5513883997755938	0.4965587647329071	0.6019973644443443
5500	6500.0	6000.0	5970.128664495114	1228	647.0	0.5268729641693811	0.499	0.5548000000000001	-103.44827586206897	0.5532673506205928	0.4975616146849692	0.6047296901027935
5600	6600.0	6100.0	6090.12	1250	654.0	0.5232	0.4955	0.5508000000000001	-105.17241379310344	0.5551447809614524	0.49856535011540265	0.6073389837172005
5700	6700.0	6200.0	6169.695945945946	1184	622.0	0.5253378378378378	0.4969	0.5537000000000001	-106.89655172413794	0.5570206385035948	0.4996224479720308	0.6099421622006838
5800	6800.0	6300.0	6214.6785109983075	1182	623.0	0.5270727580372251	0.49860000000000004	0.5555	-108.62068965517241	0.5588948711307669	0.5006858423017265	0.6125390920818292
5900	6900.0	6400.0	6301.477186311787	1052	543.0	0.5161596958174905	0.48600000000000004	0.5463	-110.34482758620689	0.5607674269107115	0.5017492304234646	0.6151296412741588
6000	7000.0	6500.0	6434.0329670329675	910	467.0	0.5131868131868131	0.4807	0.5455	-112.06896551724138	0.5626382541007962	0.502812602715143	0.6178076625155969
6100	7100.0	6600.0	6701.854922279793	1158	582.0	0.5025906735751295	0.4738	0.5313	-113.79310344827586	0.5645073011535959	0.5038759495552327	0.6205693903211592
6200	7200.0	6700.0	6784.20205479452	1168	591.0	0.5059931506849316	0.4773	0.5346000000000001	-115.51724137931035	0.5663745167224294	0.5049392613231264	0.6233208411890433
6300	7300.0	6800.0	6863.013266998341	1206	625.0	0.5182421227197347	0.49000000000000005	0.5464	-117.24137931034483	0.5682398496668482	0.5060025283994863	0.6260643613441645
6400	7400.0	6900.0	6936.222042139384	1234	639.0	0.5178282009724473	0.49000000000000005	0.5457000000000001	-118.96551724137932	0.5701032490580754	0.5070657411665929	0.6287539852076267
6500	7500.0	7000.0	7010.830122591944	1142	607.0	0.531523642732049	0.5026	0.5604	-120.6896551724138	0.5719646641843972	0.5081288900086922	0.6312801974436326
6600	7600.0	7100.0	7132.828178694158	1164	637.0	0.5472508591065293	0.5187	0.5758	-122.41379310344827	0.5738240445564997	0.5091919653123443	0.6337992302087283
6700	7700.0	7200.0	7190.33038869258	1132	617.0	0.5450530035335689	0.5161	0.5741	-124.13793103448276	0.5756813399127562	0.5102549574667706	0.6363087906004595
6800	7800.0	7300.0	7238.849090909091	1100	595.0	0.5409090909090909	0.5115000000000001	0.5703	-125.86206896551724	0.5775365002244588	0.511317856864202	0.63880835541525
6900	7900.0	7400.0	7286.214539007092	1128	621.0	0.550531914893617	0.5215000000000001	0.5795	-127.58620689655173	0.5793894757009974	0.5123806539002247	0.6413004253745433
7000	8000.0	7500.0	7343.660746003552	1126	623.0	0.5532859680284192	0.5243	0.5823	-129.31034482758622	0.5812402167949813	0.5134433389741291	0.6437848890020662
7100	8100.0	7600.0	7439.891067538127	918	510.0	0.5555555555555556	0.5234	0.5875	-131.0344827586207	0.5830886742073048	0.5145059024892551	0.6462624152188386
7200	8200.0	7700.0	7574.395415472779	698	423.0	0.6060171919770774	0.5695	0.6418	-132.75862068965517	0.5849347988921553	0.5155683348533392	0.6488639417225434
7300	8300.0	7800.0	7666.80981595092	652	389.0	0.5966257668711656	0.5587	0.6338	-134.48275862068965	0.5867785420619616	0.5166306264788603	0.6514566538592583
7400	8400.0	7900.0	7793.200772200772	518	321.0	0.6196911196911197	0.5775	0.6608	-136.20689655172413	0.5886198551922834	0.5176927677833851	0.6540404287453556
7500	8500.0	8000.0	7842.6731517509725	514	320.0	0.622568093385214	0.5802	0.6637000000000001	-137.93103448275863	0.59045869002664	0.5187032683287968	0.6566151455004636
7600	8600.0	8100.0	8009.812834224599	374	225.0	0.6016042780748663	0.5516	0.6503	-139.6551724137931	0.5922949985812757	0.5196908698555494	0.6591806852634138
7700	8700.0	8200.0	8085.301775147929	338	211.0	0.6242603550295858	0.5720000000000001	0.6747000000000001	-141.3793103448276	0.5941287331498653	0.5206783175277845	0.6616943670244603
7800	8800.0	8300.0	8143.809210526316	304	196.0	0.6447368421052632	0.5900000000000001	0.6970000000000001	-143.10344827586206	0.5959598463081536	0.5216656036555213	0.6641323793233239
7900	8900.0	8400.0	8268.829457364342	258	171.0	0.6627906976744186	0.6039	0.7185	-144.82758620689654	0.5977882909185316	0.5226527205538225	0.6665616751195126
8000	9000.0	8500.0	8368.930693069307	202	134.0	0.6633663366336634	0.5967	0.7259	-146.55172413793105	0.5996140201345478	0.5236396605430336	0.6689794067406167
8100	9100.0	8600.0	8466.954022988506	174	119.0	0.6839080459770115	0.6128	0.7497	-148.27586206896552	0.601436987405352	0.5246264159490204	0.6713874687465697
8200	9200.0	8700.0	8569.111111111111	162	112.0	0.691358024691358	0.618	0.7588	-150.0	0.6032571464800742	0.5256129791034079	0.6737865550947626
8300	9300.0	8800.0	8665.231884057972	138	100.0	0.7246376811594203	0.6468	0.7942	-151.72413793103448	0.6050744514121343	0.5265993423438169	0.6761765743029993
8400	9400.0	8900.0	8820.983333333334	120	87.0	0.725	0.6414000000000001	0.7991	-153.44827586206895	0.6068888565634839	0.5275854980141016	0.6785574366513236
8500	9500.0	9000.0	8977.074074074075	108	78.0	0.7222222222222222	0.6338	0.8004	-155.17241379310346	0.6087003166087793	0.5285714384645862	0.6809290541885497
8600	9700.0	9150.0	9076.84	100	70.0	0.7	0.6066	0.7834	-157.75862068965517	0.6114118862343189	0.5300499288860847	0.6844689584489337
8700	9900.0	9300.0	9234.941176470587	102	67.0	0.6568627450980392	0.5624	0.7437	-160.3448275862069	0.6141165776311404	0.5315278921024931	0.687987585072004
8800	10000.0	9400.0	9390.25	104	70.0	0.6730769230769231	0.5802	0.7577	-162.06896551724137	0.6159158103949929	0.5325128953146826	0.6903213794200708
8900	10100.0	9500.0	9483.884615384615	104	70.0	0.6730769230769231	0.5802	0.7577	-163.79310344827587	0.6177118762577655	0.5334976451639986	0.6926455159152334
9000	10200.0	9600.0	9607.36	100	64.0	0.64	0.544	0.7291000000000001	-165.51724137931035	0.6195047318540156	0.5344821340445318	0.6949351305575696
9100	10400.0	9750.0	9706.96	100	62.0	0.62	0.5235000000000001	0.7106	-168.10344827586206	0.6221879019741745	0.5359583614309629	0.6983511109403838
9200	10600.0	9900.0	9881.78431372549	102	63.0	0.6176470588235294	0.522	0.7075	-170.68965517241378	0.6248636085095757	0.5374339589374509	0.7017452571634619
9300	10700.0	10000.0	9979.75	104	63.0	0.6057692307692307	0.5108	0.6956	-172.41379310344828	0.6266431962373015	0.5384173280495339	0.703995777052399
9400	10900.0	10150.0	10131.078431372549	102	67.0	0.6568627450980392	0.5624	0.7437	-175.0	0.6293061488093045	0.5398918189718073	0.7073530251569081
9500	11400.0	10450.0	10217.88	100	67.0	0.67	0.5751000000000001	0.7565000000000001	-180.17241379310346	0.6346084020770643	0.5427366037602285	0.7140000259518827
9600	12400.0	11000.0	10375.7	100	70.0	0.7	0.6066	0.7834	-189.6551724137931	0.6442441779177791	0.547526842939435	0.7260183809053511
9700	13300.0	11500.0	10567.74	100	71.0	0.71	0.6172000000000001	0.7923	-198.27586206896552	0.6529039371540102	0.5524763839263744	0.7368561824404142
9800	13500.0	11650.0	10715.4	100	73.0	0.73	0.6386000000000001	0.81	-200.86206896551724	0.6554825623187366	0.5539623452294271	0.7400532473211368
9900	18100.0	14000.0	11210.981481481482	108	81.0	0.75	0.6637000000000001	0.8248000000000001	-241.3793103448276	0.6946192556623481	0.577324628054281	0.7863348596629856
